Toshiro Mifune	Q37001	1920	Q6581097
Setsuko Hara	Q236129	1920	Q6581072
Madhubala	Q36881	1933	Q6581072
Amitabh Bachchan	Q9570	1942	Q6581097
Rajinikanth	Q60068	1950	Q6581097
Jackie Chan	Q36970	1954	Q6581097
Rudolph Valentino	Q188692	1895	Q6581097
Marlene Dietrich	Q4612	1901	Q6581072
Greta Garbo	Q5443	1905	Q6581072
Ingrid Bergman	Q43247	1915	Q6581072
Marcello Mastroianni	Q55469	1924	Q6581097
Klaus Kinski	Q55419	1926	Q6581097
Sophia Loren	Q43252	1934	Q6581072
Sarah Bernhardt	Q4605	1844	Q6581072
Jean Gabin	Q23842	1904	Q6581097
Jeanne Moreau	Q106099	1928	Q6581072
Brigitte Bardot	Q36268	1934	Q6581072
Alain Delon	Q106529	1935	Q6581097
John Gielgud	Q204685	1904	Q6581097
Laurence Olivier	Q55245	1907	Q6581097
Vivien Leigh	Q129429	1913	Q6581072
Alec Guinness	Q103894	1914	Q6581097
Audrey Hepburn	Q42786	1929	Q6581072
Sean Connery	Q4573	1930	Q6581097
Peter O'Toole	Q103876	1932	Q6581097
Julie Andrews	Q161819	1935	Q6581072
Mary Pickford	Q104109	1892	Q6581072
Lillian Gish	Q104183	1893	Q6581072
Humphrey Bogart	Q16390	1899	Q6581097
Spencer Tracy	Q71275	1900	Q6581097
Clark Gable	Q71243	1901	Q6581097
Gary Cooper	Q93957	1901	Q6581097
Cary Grant	Q83410	1904	Q6581097
Joan Crawford	Q40475	1905	Q6581072
Henry Fonda	Q19155	1905	Q6581097
Katharine Hepburn	Q56016	1907	Q6581072
John Wayne	Q40531	1907	Q6581097
Barbara Stanwyck	Q94002	1907	Q6581072
Bette Davis	Q71206	1908	Q6581072
James Stewart	Q102462	1908	Q6581097
Gregory Peck	Q108366	1916	Q6581097
Rita Hayworth	Q42745	1918	Q6581072
Doris Day	Q104372	1922	Q6581072
Judy Garland	Q11637	1922	Q6581072
Marlon Brando	Q34012	1924	Q6581097
Lauren Bacall	Q104000	1924	Q6581072
Marilyn Monroe	Q4616	1926	Q6581072
Sidney Poitier	Q104049	1927	Q6581097
Shirley Temple	Q182580	1928	Q6581072
Grace Kelly	Q3925	1929	Q6581072
Clint Eastwood	Q43203	1930	Q6581097
Elizabeth Taylor	Q34851	1932	Q6581072
Jack Nicholson	Q39792	1937	Q6581097
Robert De Niro	Q36949	1943	Q6581097
Meryl Streep	Q873	1949	Q6581072
Tom Hanks	Q2263	1956	Q6581097
Marius Petipa	Q312320	1818	Q6581097
Anna Pavlova	Q151874	1882	Q6581072
Vaslav Nijinsky	Q194363	1889	Q6581097
George Balanchine	Q310184	1904	Q6581097
Margot Fonteyn	Q231776	1919	Q6581072
Rudolf Nureyev	Q84217	1938	Q6581097
Mikhail Baryshnikov	Q295420	1948	Q6581097
Izumo no Okuni	Q1334304	1572	Q6581072
Isadora Duncan	Q483512	1877	Q6581072
Martha Graham	Q487604	1894	Q6581072
Fred Astaire	Q100937	1899	Q6581097
Josephine Baker	Q151972	1906	Q6581072
Ginger Rogers	Q95089	1911	Q6581072
Gene Kelly	Q73089	1912	Q6581097
Bob Fosse	Q313256	1927	Q6581097
Mae West	Q202878	1893	Q6581072
Lucille Ball	Q209662	1911	Q6581072
Louis de Funès	Q2737	1914	Q6581097
Carol Burnett	Q255565	1933	Q6581072
George Carlin	Q150651	1937	Q6581097
Bill Cosby	Q213512	1937	Q6581097
Richard Pryor	Q294912	1940	Q6581097
P. T. Barnum	Q223766	1810	Q6581097
Harry Houdini	Q131545	1874	Q6581097
Marcel Marceau	Q157191	1923	Q6581097
Johnny Carson	Q310819	1925	Q6581097
Fred Rogers	Q1275768	1928	Q6581097
Oprah Winfrey	Q55800	1954	Q6581072
Giotto	Q7814	1267	Q6581097
Jan van Eyck	Q102272	1390	Q6581097
Masaccio	Q5811	1401	Q6581097
Sandro Botticelli	Q5669	1445	Q6581097
Hieronymus Bosch	Q130531	1450	Q6581097
Leonardo da Vinci	Q762	1452	Q6581097
Albrecht Dürer	Q5580	1471	Q6581097
Titian	Q47551	1488	Q6581097
Raphael	Q5597	1483	Q6581097
Hans Holbein the Younger	Q48319	1497	Q6581097
Pieter Bruegel the Elder	Q43270	1525	Q6581097
El Greco	Q301	1541	Q6581097
Caravaggio	Q42207	1571	Q6581097
Peter Paul Rubens	Q5599	1577	Q6581097
Artemisia Gentileschi	Q212657	1593	Q6581072
Nicolas Poussin	Q41554	1594	Q6581097
Diego Velázquez	Q297	1599	Q6581097
Rembrandt	Q5598	1606	Q6581097
Johannes Vermeer	Q41264	1632	Q6581097
Antoine Watteau	Q183221	1684	Q6581097
William Hogarth	Q171344	1697	Q6581097
Francisco Goya	Q5432	1746	Q6581097
Jacques-Louis David	Q83155	1748	Q6581097
Caspar David Friedrich	Q104884	1774	Q6581097
J. M. W. Turner	Q159758	1775	Q6581097
John Constable	Q159297	1776	Q6581097
Jean-Auguste-Dominique Ingres	Q23380	1780	Q6581097
Eugène Delacroix	Q33477	1798	Q6581097
Gustave Courbet	Q34618	1819	Q6581097
Camille Pissarro	Q134741	1830	Q6581097
Édouard Manet	Q40599	1832	Q6581097
James McNeill Whistler	Q203643	1834	Q6581097
Edgar Degas	Q46373	1834	Q6581097
Paul Cézanne	Q35548	1839	Q6581097
Claude Monet	Q296	1840	Q6581097
Pierre-Auguste Renoir	Q39931	1841	Q6581097
Henri Rousseau	Q156386	1844	Q6581097
Ilya Repin	Q172911	1844	Q6581097
Paul Gauguin	Q37693	1848	Q6581097
Vincent van Gogh	Q5582	1853	Q6581097
John Singer Sargent	Q155626	1856	Q6581097
Georges Seurat	Q34013	1859	Q6581097
Edvard Munch	Q41406	1863	Q6581097
Henri de Toulouse-Lautrec	Q82445	1864	Q6581097
Wassily Kandinsky	Q61064	1866	Q6581097
Henri Matisse	Q5589	1869	Q6581097
Piet Mondrian	Q151803	1872	Q6581097
Kazimir Malevich	Q130777	1878	Q6581097
Paul Klee	Q44007	1879	Q6581097
Franz Marc	Q44054	1880	Q6581097
Pablo Picasso	Q5593	1881	Q6581097
Edward Hopper	Q203401	1882	Q6581097
Diego Rivera	Q171128	1886	Q6581097
Marc Chagall	Q93284	1887	Q6581097
Georgia O'Keeffe	Q46408	1887	Q6581072
Max Ernst	Q154842	1891	Q6581097
Joan Miró	Q152384	1893	Q6581097
René Magritte	Q7836	1898	Q6581097
Salvador Dalí	Q5577	1904	Q6581097
Frida Kahlo	Q5588	1907	Q6581072
Jackson Pollock	Q37571	1912	Q6581097
Andy Warhol	Q5603	1928	Q6581097
Gerhard Richter	Q164351	1932	Q6581097
Winsor McCay	Q207960	1867	Q6581097
Aubrey Beardsley	Q272566	1872	Q6581097
Norman Rockwell	Q271884	1894	Q6581097
M. C. Escher	Q1470	1898	Q6581097
Hergé	Q52985	1907	Q6581097
Will Eisner	Q309850	1917	Q6581097
Jack Kirby	Q311607	1917	Q6581097
Osamu Tezuka	Q193300	1928	Q6581097
Phidias	Q177302	-0490	Q6581097
Donatello	Q37562	1386	Q6581097
Michelangelo	Q5592	1475	Q6581097
Gian Lorenzo Bernini	Q160538	1598	Q6581097
Auguste Rodin	Q30755	1840	Q6581097
Constantin Brâncuși	Q153048	1876	Q6581097
Marcel Duchamp	Q5912	1887	Q6581097
Henry Moore	Q151097	1898	Q6581097
Alberto Giacometti	Q157194	1901	Q6581097
Joseph Beuys	Q153965	1921	Q6581097
Imhotep	Q131171	-2800	Q6581097
Vitruvius	Q47163	-0080	Q6581097
Filippo Brunelleschi	Q174330	1377	Q6581097
Leon Battista Alberti	Q182046	1404	Q6581097
Mimar Sinan	Q5600	1490	Q6581097
Andrea Palladio	Q177692	1508	Q6581097
Christopher Wren	Q170373	1632	Q6581097
Antoni Gaudí	Q25328	1852	Q6581097
Louis Sullivan	Q243240	1856	Q6581097
Frank Lloyd Wright	Q5604	1867	Q6581097
Walter Gropius	Q61071	1883	Q6581097
Ludwig Mies van der Rohe	Q41508	1886	Q6581097
Le Corbusier	Q4724	1887	Q6581097
Buckminster Fuller	Q102289	1895	Q6581097
Alvar Aalto	Q82840	1898	Q6581097
Louis Kahn	Q210134	1901	Q6581097
Albert Speer	Q60045	1905	Q6581097
Philip Johnson	Q183528	1906	Q6581097
Oscar Niemeyer	Q134165	1907	Q6581097
I. M. Pei	Q46868	1917	Q6581097
Frank Gehry	Q180374	1929	Q6581097
Zaha Hadid	Q47780	1950	Q6581072
Coco Chanel	Q45661	1883	Q6581072
Raymond Loewy	Q435509	1893	Q6581097
Yves Saint Laurent (designer)	Q171556	1936	Q6581097
Shigeru Miyamoto	Q12382	1952	Q6581097
Eadweard Muybridge	Q190568	1830	Q6581097
Sergey Prokudin-Gorsky	Q101516	1863	Q6581097
Edward Weston	Q346988	1886	Q6581097
Man Ray	Q46139	1890	Q6581097
Ansel Adams	Q60809	1902	Q6581097
Henri Cartier-Bresson	Q156567	1908	Q6581097
Antonio Stradivari	Q182011	1644	Q6581097
Georges-Eugène Haussmann	Q191798	1809	Q6581097
Frederick Law Olmsted	Q364187	1822	Q6581097
Robert Moses	Q1111386	1888	Q6581097
Jane Jacobs	Q234335	1916	Q6581072
Wang Xizhi	Q378564	0321	Q6581097
Sesshū Tōyō	Q48514	1420	Q6581097
Shitao	Q469439	1642	Q6581097
Hokusai	Q5586	1760	Q6581097
Hiroshige	Q200798	1797	Q6581097
Qu Yuan	Q313330	-0343	Q6581097
Kalidasa	Q7011		Q6581097
Tao Yuanming	Q314210	0365	Q6581097
Homer	Q6691	-0900	Q6581097
Hesiod	Q44233	-0776	Q6581097
Sappho	Q17892	-0650	Q6581072
Aeschylus	Q40939	-0525	Q6581097
Sophocles	Q7235	-0496	Q6581097
Euripides	Q48305	-0480	Q6581097
Aristophanes	Q43353	-0448	Q6581097
Menander	Q118992	-0340	Q6581097
Plautus	Q47160	-0250	Q6581097
Terence	Q172048	-0185	Q6581097
Catullus	Q163079	-0084	Q6581097
Virgil	Q1398	-0070	Q6581097
Horace	Q6197	-0065	Q6581097
Ovid	Q7198	-0043	Q6581097
Lucian	Q177847	0120	Q6581097
Wang Wei	Q313605	0699	Q6581097
Li Bai	Q7071	0701	Q6581097
Du Fu	Q33772	0712	Q6581097
Han Yu	Q318998	0768	Q6581097
Bai Juyi	Q313324	0772	Q6581097
Murasaki Shikibu	Q81731	0973	Q6581072
Ouyang Xiu	Q334323	1007	Q6581097
Su Shi	Q36020	1037	Q6581097
Bhavabhuti	Q29057		Q6581097
Amir Khusrau	Q207817	1253	Q6581097
Kabir	Q312551	1440	Q6581097
Abu Nuwas	Q5670	0756	Q6581097
Rudaki	Q312954	0859	Q6581097
Ferdowsi	Q43459	0940	Q6581097
Omar Khayyam	Q35900	1048	Q6581097
Nizami Ganjavi	Q234908	1141	Q6581097
Rumi	Q43347	1207	Q6581097
Saadi Shirazi	Q170302	1210	Q6581097
Hafez	Q6240	1326	Q6581097
Jami	Q312458	1414	Q6581097
Chrétien de Troyes	Q4302	1135	Q6581097
Dante Alighieri	Q1067	1265	Q6581097
Petrarch	Q1401	1304	Q6581097
Giovanni Boccaccio	Q1402	1313	Q6581097
Geoffrey Chaucer	Q5683	1343	Q6581097
Christine de Pizan	Q234816		Q6581072
François Villon	Q849	1431	Q6581097
Fuzuli (poet)	Q178379	1494	Q6581097
Mirabai	Q466330	1498	Q6581072
Tulsidas	Q312976	1532	Q6581097
Tukaram	Q468361	1608	Q6581097
Matsuo Bashō	Q5676	1644	Q6581097
Mir Taqi Mir	Q1771132	1723	Q6581097
Luís de Camões	Q590	1524	Q6581097
Miguel de Cervantes	Q5682	1547	Q6581097
Lope de Vega	Q165257	1562	Q6581097
Pedro Calderón de la Barca	Q170800	1600	Q6581097
Giacomo Casanova	Q83321	1725	Q6581097
Johann Wolfgang von Goethe	Q5879	1749	Q6581097
Friedrich Schiller	Q22670	1759	Q6581097
François Rabelais	Q131018	1494	Q6581097
Nostradamus	Q39978	1503	Q6581097
Michel de Montaigne	Q41568	1533	Q6581097
Pierre Corneille	Q747	1606	Q6581097
Molière	Q687	1622	Q6581097
Charles Perrault	Q128460	1628	Q6581097
Jean Racine	Q742	1639	Q6581097
Voltaire	Q9068	1694	Q6581097
Marquis de Sade	Q123867	1740	Q6581097
Thomas More	Q42544	1478	Q6581097
Edmund Spenser	Q4352055	1552	Q6581097
Christopher Marlowe	Q28975	1564	Q6581097
William Shakespeare	Q692	1564	Q6581097
John Donne	Q140412	1572	Q6581097
Ben Jonson	Q193857	1572	Q6581097
John Milton	Q79759	1608	Q6581097
John Dryden	Q213355	1631	Q6581097
Daniel Defoe	Q40946	1660	Q6581097
Jonathan Swift	Q41166	1667	Q6581097
Alexander Pope	Q164047	1688	Q6581097
Henry Fielding	Q34190	1707	Q6581097
Samuel Johnson	Q183266	1709	Q6581097
William Blake	Q41513	1757	Q6581097
Robert Burns	Q81960	1759	Q6581097
Naguib Mahfouz	Q7176	1911	Q6581097
Nadine Gordimer	Q47619	1923	Q6581072
Chinua Achebe	Q155845	1930	Q6581097
Wole Soyinka	Q41488	1934	Q6581097
Ngũgĩ wa Thiong'o	Q302910	1938	Q6581097
J. M. Coetzee	Q43293	1940	Q6581097
Ben Okri	Q315362	1959	Q6581097
V. S. Naipaul	Q44593	1932	Q6581097
Edgar Allan Poe	Q16867	1809	Q6581097
Walt Whitman	Q81438	1819	Q6581097
Herman Melville	Q4985	1819	Q6581097
Emily Dickinson	Q4441	1830	Q6581072
Mark Twain	Q7245	1835	Q6581097
Henry James	Q170509	1843	Q6581097
Edith Wharton	Q276032	1862	Q6581072
Robert Frost	Q168728	1874	Q6581097
Upton Sinclair	Q216134	1878	Q6581097
Jack London	Q45765	1876	Q6581097
Ezra Pound	Q163366	1885	Q6581097
Raymond Chandler	Q180377	1888	Q6581097
T. S. Eliot	Q37767	1888	Q6581097
H. P. Lovecraft	Q169566	1890	Q6581097
F. Scott Fitzgerald	Q93354	1896	Q6581097
William Faulkner	Q38392	1897	Q6581097
Ernest Hemingway	Q23434	1899	Q6581097
Langston Hughes	Q188093	1902	Q6581097
John Steinbeck	Q39212	1902	Q6581097
Dr. Seuss	Q298685	1904	Q6581097
Robert A. Heinlein	Q123078	1907	Q6581097
Tennessee Williams	Q134262	1911	Q6581097
Saul Bellow	Q83059	1915	Q6581097
Arthur Miller	Q80596	1915	Q6581097
Isaac Asimov	Q34981	1920	Q6581097
Ray Bradbury	Q40640	1920	Q6581097
Jack Kerouac	Q160534	1922	Q6581097
Kurt Vonnegut	Q49074	1922	Q6581097
Stan Lee	Q181900	1922	Q6581097
Allen Ginsberg	Q6711	1926	Q6581097
Maya Angelou	Q19526	1928	Q6581072
Ursula K. Le Guin	Q181659	1929	Q6581072
Toni Morrison	Q72334	1931	Q6581072
Sylvia Plath	Q133054	1932	Q6581072
Margaret Atwood	Q183492	1939	Q6581072
Stephen King	Q39829	1947	Q6581097
Machado de Assis	Q311145	1839	Q6581097
José Martí	Q103285	1853	Q6581097
Jorge Luis Borges	Q909	1899	Q6581097
Pablo Neruda	Q34189	1904	Q6581097
Alejo Carpentier	Q216466	1904	Q6581097
Jorge Amado	Q184440	1912	Q6581097
Gabriel García Márquez	Q5878	1927	Q6581097
Carlos Fuentes	Q154691	1928	Q6581097
Mario Vargas Llosa	Q39803	1936	Q6581097
Chinghiz Aitmatov	Q484292	1928	Q6581097
Natsume Sōseki	Q180903	1867	Q6581097
Lu Xun	Q23114	1881	Q6581097
Ryūnosuke Akutagawa	Q186326	1892	Q6581097
Lao She	Q315167	1899	Q6581097
Yasunari Kawabata	Q43736	1899	Q6581097
Jin Yong	Q180626	1924	Q6581097
Yukio Mishima	Q134456	1925	Q6581097
Kenzaburō Ōe	Q80095	1935	Q6581097
Haruki Murakami	Q134798	1949	Q6581097
Ghalib	Q107000	1797	Q6581097
Rabindranath Tagore	Q7241	1861	Q6581097
Muhammad Iqbal	Q484141	1877	Q6581097
Premchand	Q174152	1880	Q6581097
Kahlil Gibran	Q47737	1883	Q6581097
Orhan Pamuk	Q241248	1952	Q6581097
Adam Mickiewicz	Q79822	1798	Q6581097
Taras Shevchenko	Q134958	1814	Q6581097
Sándor Petőfi	Q81219	1823	Q6581097
Henryk Sienkiewicz	Q41502	1846	Q6581097
Joseph Conrad	Q82925	1857	Q6581097
Constantine P. Cavafy	Q216980	1863	Q6581097
Tristan Tzara	Q16409	1896	Q6581097
Elie Wiesel	Q18391	1928	Q6581097
Ismail Kadare	Q179695	1936	Q6581097
Alexander Pushkin	Q7200	1799	Q6581097
Nikolai Gogol	Q43718	1809	Q6581097
Mikhail Lermontov	Q46599	1814	Q6581097
Ivan Turgenev	Q42831	1818	Q6581097
Fyodor Dostoevsky	Q991	1821	Q6581097
Leo Tolstoy	Q7243	1828	Q6581097
Anton Chekhov	Q5685	1860	Q6581097
Maxim Gorky	Q12706	1868	Q6581097
Ivan Bunin	Q46602	1870	Q6581097
Anna Akhmatova	Q80440	1889	Q6581072
Boris Pasternak	Q41223	1890	Q6581097
Mikhail Bulgakov	Q835	1891	Q6581097
Vladimir Mayakovsky	Q132964	1893	Q6581097
Vladimir Nabokov	Q36591	1899	Q6581097
Mikhail Sholokhov	Q42398	1905	Q6581097
Aleksandr Solzhenitsyn	Q34474	1918	Q6581097
Joseph Brodsky	Q862	1940	Q6581097
Luigi Pirandello	Q1403	1867	Q6581097
Fernando Pessoa	Q173481	1888	Q6581097
Federico García Lorca	Q41408	1898	Q6581097
José Saramago	Q37060	1922	Q6581097
Anne Frank	Q4583	1929	Q6581072
Umberto Eco	Q12807	1932	Q6581097
Stendhal	Q502	1783	Q6581097
Honoré de Balzac	Q9711	1799	Q6581097
Victor Hugo	Q535	1802	Q6581097
Alexandre Dumas	Q38337	1802	Q6581097
Charles Baudelaire	Q501	1821	Q6581097
Gustave Flaubert	Q43444	1821	Q6581097
Jules Verne	Q33977	1828	Q6581097
Émile Zola	Q504	1840	Q6581097
Stéphane Mallarmé	Q767	1842	Q6581097
Guy de Maupassant	Q9327	1850	Q6581097
Arthur Rimbaud	Q493	1854	Q6581097
André Gide	Q47484	1869	Q6581097
Marcel Proust	Q7199	1871	Q6581097
Antonin Artaud	Q187166	1896	Q6581097
Eugène Ionesco	Q46706	1909	Q6581097
Albert Camus	Q34670	1913	Q6581097
Heinrich Heine	Q44403	1797	Q6581097
Thomas Mann	Q37030	1875	Q6581097
Rainer Maria Rilke	Q76483	1875	Q6581097
Hermann Hesse	Q25973	1877	Q6581097
Franz Kafka	Q905	1883	Q6581097
Bertolt Brecht	Q38757	1898	Q6581097
Hans Christian Andersen	Q5673	1805	Q6581097
Henrik Ibsen	Q36661	1828	Q6581097
August Strindberg	Q7724	1849	Q6581097
Selma Lagerlöf	Q44519	1858	Q6581072
Knut Hamsun	Q40826	1859	Q6581097
Karen Blixen	Q182804	1885	Q6581072
Halldór Laxness	Q80321	1902	Q6581097
Astrid Lindgren	Q55767	1907	Q6581072
William Wordsworth	Q45546	1770	Q6581097
Walter Scott	Q79025	1771	Q6581097
Samuel Taylor Coleridge	Q82409	1772	Q6581097
Jane Austen	Q36322	1775	Q6581072
Lord Byron	Q5679	1788	Q6581097
Percy Bysshe Shelley	Q93343	1792	Q6581097
John Keats	Q82083	1795	Q6581097
Mary Shelley	Q47152	1797	Q6581072
Alfred, Lord Tennyson	Q173869	1809	Q6581097
Charles Dickens	Q5686	1812	Q6581097
George Eliot	Q131333	1819	Q6581072
Lewis Carroll	Q38082	1832	Q6581097
Thomas Hardy	Q132805	1840	Q6581097
Robert Louis Stevenson	Q1512	1850	Q6581097
Oscar Wilde	Q30875	1854	Q6581097
George Bernard Shaw	Q19185	1856	Q6581097
Arthur Conan Doyle	Q35610	1859	Q6581097
W. B. Yeats	Q40213	1865	Q6581097
Rudyard Kipling	Q34743	1865	Q6581097
H. G. Wells	Q42511	1866	Q6581097
Virginia Woolf	Q40909	1882	Q6581072
James Joyce	Q6882	1882	Q6581097
D. H. Lawrence	Q34970	1885	Q6581097
Agatha Christie	Q35064	1890	Q6581072
J. R. R. Tolkien	Q892	1892	Q6581097
Enid Blyton	Q192069	1897	Q6581072
C. S. Lewis	Q9204	1898	Q6581097
George Orwell	Q3335	1903	Q6581097
Samuel Beckett	Q37327	1906	Q6581097
William Golding	Q44183	1911	Q6581097
Dylan Thomas	Q191023	1914	Q6581097
Roald Dahl	Q25161	1916	Q6581097
Arthur C. Clarke	Q47087	1917	Q6581097
Salman Rushdie	Q44306	1947	Q6581097
Kazuo Ishiguro	Q272855	1954	Q6581097
Banjo Paterson	Q436699	1864	Q6581097
Patrick White	Q129187	1912	Q6581097
Horace Greeley	Q436790	1811	Q6581097
Joseph Pulitzer	Q173417	1847	Q6581097
Ida Tarbell	Q271712	1857	Q6581072
William Randolph Hearst	Q294931	1863	Q6581097
Nellie Bly	Q230299	1864	Q6581072
Walter Lippmann	Q316568	1889	Q6581097
Edward R. Murrow	Q353935	1908	Q6581097
Walter Cronkite	Q31073	1916	Q6581097
David Attenborough	Q183337	1926	Q6581097
Hunter S. Thompson	Q219780	1937	Q6581097
Bob Woodward	Q312782	1943	Q6581097
Svetlana Alexievich	Q274334	1948	Q6581072
Anna Wintour	Q230744	1949	Q6581072
Hildegard of Bingen	Q70991	1098	Q6581072
Guillaume de Machaut	Q200580	1300	Q6581097
Guillaume Du Fay	Q207717	1397	Q6581097
Josquin des Prez	Q143100	1455	Q6581097
Giovanni Pierluigi da Palestrina	Q179277	1525	Q6581097
Claudio Monteverdi	Q53068	1567	Q6581097
Henry Purcell	Q9695	1659	Q6581097
Antonio Vivaldi	Q1340	1678	Q6581097
George Frideric Handel	Q7302	1685	Q6581097
Johann Sebastian Bach	Q1339	1685	Q6581097
Joseph Haydn	Q7349	1732	Q6581097
Wolfgang Amadeus Mozart	Q254	1756	Q6581097
Ludwig van Beethoven	Q255	1770	Q6581097
Gioachino Rossini	Q9726	1792	Q6581097
Franz Schubert	Q7312	1797	Q6581097
Hector Berlioz	Q1151	1803	Q6581097
Felix Mendelssohn	Q46096	1809	Q6581097
Frédéric Chopin	Q1268	1810	Q6581097
Robert Schumann	Q7351	1810	Q6581097
Franz Liszt	Q41309	1811	Q6581097
Richard Wagner	Q1511	1813	Q6581097
Giuseppe Verdi	Q7317	1813	Q6581097
Anton Bruckner	Q81752	1824	Q6581097
Johann Strauss II	Q83309	1825	Q6581097
Johannes Brahms	Q7294	1833	Q6581097
Modest Mussorgsky	Q132682	1839	Q6581097
Pyotr Ilyich Tchaikovsky	Q7315	1840	Q6581097
Antonín Dvořák	Q7298	1841	Q6581097
Nikolai Rimsky-Korsakov	Q93227	1844	Q6581097
Edward Elgar	Q179631	1857	Q6581097
Gabriel Fauré	Q104919	1845	Q6581097
Giacomo Puccini	Q7311	1858	Q6581097
Gustav Mahler	Q7304	1860	Q6581097
Claude Debussy	Q4700	1862	Q6581097
Richard Strauss	Q13894	1864	Q6581097
Jean Sibelius	Q45682	1865	Q6581097
Sergei Rachmaninoff	Q131861	1873	Q6581097
Maurice Ravel	Q1178	1875	Q6581097
Ralph Vaughan Williams	Q207947	1872	Q6581097
Arnold Schoenberg	Q154770	1874	Q6581097
Béla Bartók	Q83326	1881	Q6581097
Igor Stravinsky	Q7314	1882	Q6581097
Sergei Prokofiev	Q49481	1891	Q6581097
George Gershwin	Q123829	1898	Q6581097
Aaron Copland	Q192185	1900	Q6581097
Dmitri Shostakovich	Q80135	1906	Q6581097
Benjamin Britten	Q150767	1913	Q6581097
John Cage	Q180727	1912	Q6581097
György Ligeti	Q154331	1923	Q6581097
Pierre Boulez	Q156193	1925	Q6581097
Karlheinz Stockhausen	Q154556	1928	Q6581097
Philip Glass	Q189729	1937	Q6581097
Nadia Boulanger	Q140619	1887	Q6581072
Pablo Casals	Q208537	1876	Q6581097
Mstislav Rostropovich	Q152043	1927	Q6581097
Arturo Toscanini	Q13003	1867	Q6581097
Herbert von Karajan	Q154895	1908	Q6581097
Leonard Bernstein	Q152505	1918	Q6581097
Clara Schumann	Q132232	1819	Q6581072
Arthur Rubinstein	Q183182	1887	Q6581097
Vladimir Horowitz	Q192506	1903	Q6581097
Sviatoslav Richter	Q124890	1915	Q6581097
Glenn Gould	Q216924	1932	Q6581097
Enrico Caruso	Q170726	1873	Q6581097
Maria Callas	Q128297	1923	Q6581072
Dietrich Fischer-Dieskau	Q77060	1925	Q6581097
Joan Sutherland	Q207269	1926	Q6581072
Luciano Pavarotti	Q37615	1935	Q6581097
Plácido Domingo	Q130853	1941	Q6581097
Niccolò Paganini	Q66075	1782	Q6581097
Syama Sastri	Q3519351	1762	Q6581097
Tyagaraja	Q2044389	1767	Q6581097
Muthuswami Dikshitar	Q1771067	1775	Q6581097
Ravi Shankar	Q103774	1920	Q6581097
Ali Akbar Khan	Q468356	1922	Q6581097
Nusrat Fateh Ali Khan	Q299073	1948	Q6581097
Mohammad-Reza Shajarian	Q1238247	1940	Q6581097
Scott Joplin	Q191499	1868	Q6581097
Duke Ellington	Q4030	1899	Q6581097
Louis Armstrong	Q1779	1901	Q6581097
Django Reinhardt	Q44122	1910	Q6581097
Billie Holiday	Q104358	1915	Q6581072
Ella Fitzgerald	Q1768	1917	Q6581072
Charlie Parker	Q103767	1920	Q6581097
Celia Cruz	Q474045	1925	Q6581072
Miles Davis	Q93341	1926	Q6581097
Antônio Carlos Jobim	Q200131	1927	Q6581097
Stephen Foster	Q305202	1826	Q6581097
Bing Crosby	Q72984	1903	Q6581097
Frank Sinatra	Q40912	1915	Q6581097
Miriam Makeba	Q146256	1933	Q6581072
Bob Marley	Q409	1945	Q6581097
Madonna	Q1744	1958	Q6581072
Michael Jackson	Q2831	1958	Q6581097
Taylor Swift	Q26876	1989	Q6581072
Umm Kulthum	Q1110560	1898	Q6581072
Édith Piaf	Q1631	1915	Q6581072
Astor Piazzolla	Q172505	1921	Q6581097
Charles Aznavour	Q1785	1924	Q6581097
Serge Gainsbourg	Q1698	1928	Q6581097
Lata Mangeshkar	Q156347	1929	Q6581072
Vladimir Vysotsky	Q512	1938	Q6581097
Julio Iglesias	Q122003	1943	Q6581097
Paco de Lucía	Q153300	1947	Q6581097
Teresa Teng	Q463945	1953	Q6581072
Selena	Q23543	1971	Q6581072
Robert Johnson	Q192133	1911	Q6581097
B. B. King	Q188969	1925	Q6581097
Ray Charles	Q544387	1930	Q6581097
James Brown	Q5950	1933	Q6581097
Fela Kuti	Q313868	1938	Q6581097
Marvin Gaye	Q189758	1939	Q6581097
Aretha Franklin	Q125121	1942	Q6581072
Stevie Wonder	Q714	1950	Q6581097
Prince (musician)	Q7542	1958	Q6581097
Brian Eno	Q569003	1948	Q6581097
Woody Guthrie	Q4061	1912	Q6581097
Hank Williams	Q206181	1923	Q6581097
Johnny Cash	Q42775	1932	Q6581097
Joni Mitchell	Q205721	1943	Q6581072
Dolly Parton	Q180453	1946	Q6581072
Tupac Shakur	Q6107	1971	Q6581097
Eminem	Q5608	1972	Q6581097
Irving Berlin	Q128746	1888	Q6581097
Andrew Lloyd Webber	Q180975	1948	Q6581097
Chuck Berry	Q5921	1926	Q6581097
Little Richard	Q82222	1932	Q6581097
Elvis Presley	Q303	1935	Q6581097
Buddy Holly	Q5977	1936	Q6581097
John Lennon	Q1203	1940	Q6581097
Bob Dylan	Q392	1941	Q6581097
Jimi Hendrix	Q5928	1942	Q6581097
Janis Joplin	Q1514	1943	Q6581072
David Bowie	Q5383	1947	Q6581097
Walt Disney	Q8704	1901	Q6581097
Jim Henson	Q191037	1936	Q6581097
Hayao Miyazaki	Q55400	1941	Q6581097
Ousmane Sembène	Q314966	1923	Q6581097
Yasujirō Ozu	Q55402	1903	Q6581097
Akira Kurosawa	Q8006	1910	Q6581097
Satyajit Ray	Q8873	1921	Q6581097
Raj Kapoor	Q55407	1924	Q6581097
Guru Dutt	Q149136	1925	Q6581097
Abbas Kiarostami	Q55210	1940	Q6581097
Ang Lee	Q160726	1954	Q6581097
Wong Kar-wai	Q55431	1958	Q6581097
Carl Theodor Dreyer	Q51127	1889	Q6581097
Fritz Lang	Q19504	1890	Q6581097
Sergei Eisenstein	Q8003	1898	Q6581097
Charlie Chaplin	Q882	1889	Q6581097
Alfred Hitchcock	Q7374	1899	Q6581097
Luis Buñuel	Q51545	1900	Q6581097
Vittorio De Sica	Q53004	1901	Q6581097
Leni Riefenstahl	Q55415	1902	Q6581072
David Lean	Q55260	1908	Q6581097
Michelangelo Antonioni	Q55433	1912	Q6581097
Ingmar Bergman	Q7546	1918	Q6581097
Federico Fellini	Q7371	1920	Q6581097
Miloš Forman	Q51525	1932	Q6581097
Andrei Tarkovsky	Q853	1932	Q6581097
Roman Polanski	Q51552	1933	Q6581097
Werner Herzog	Q44131	1942	Q6581097
Georges Méliès	Q152272	1861	Q6581097
Jean Cocteau	Q83158	1889	Q6581097
Jean Renoir	Q50713	1894	Q6581097
Robert Bresson	Q55391	1901	Q6581097
Agnès Varda	Q229990	1928	Q6581072
Jean-Luc Godard	Q53001	1930	Q6581097
François Truffaut	Q53002	1932	Q6581097
D. W. Griffith	Q51123	1875	Q6581097
Cecil B. DeMille	Q72267	1881	Q6581097
John Ford	Q51114	1894	Q6581097
Buster Keaton	Q103949	1895	Q6581097
Howard Hawks	Q51581	1896	Q6581097
Frank Capra	Q51492	1897	Q6581097
William Wyler	Q51495	1902	Q6581097
Billy Wilder	Q51547	1906	Q6581097
Elia Kazan	Q72717	1909	Q6581097
Orson Welles	Q24829	1915	Q6581097
Ida Lupino	Q148669	1918	Q6581072
Stanley Kubrick	Q2001	1928	Q6581097
Woody Allen	Q25089	1935	Q6581097
Francis Ford Coppola	Q56094	1939	Q6581097
Martin Scorsese	Q41148	1942	Q6581097
George Lucas	Q38222	1944	Q6581097
David Lynch	Q2071	1946	Q6581097
Steven Spielberg	Q8877	1946	Q6581097
James Cameron	Q42574	1954	Q6581097
Quentin Tarantino	Q3772	1963	Q6581097
Samuel Goldwyn	Q72579	1882	Q6581097
Louis B. Mayer	Q319682	1884	Q6581097
Jack L. Warner	Q72614	1892	Q6581097
Irving Thalberg	Q438472	1899	Q6581097
Marcus Licinius Crassus	Q175121	-0115	Q6581097
Jakob Fugger	Q65103	1459	Q6581097
Josiah Wedgwood	Q319331	1730	Q6581097
John Jacob Astor	Q57423	1763	Q6581097
Cornelius Vanderbilt	Q313721	1794	Q6581097
Leland Stanford	Q382109	1824	Q6581097
Andrew Carnegie	Q484265	1835	Q6581097
J. P. Morgan	Q54168	1837	Q6581097
Jamsetji Tata	Q320109	1839	Q6581097
John D. Rockefeller	Q160278	1839	Q6581097
George Westinghouse	Q262367	1846	Q6581097
Andrew Mellon	Q446858	1855	Q6581097
Henry Ford	Q8768	1863	Q6581097
Al Capone	Q80048	1899	Q6581097
Howard Hughes	Q189081	1905	Q6581097
Estée Lauder (businesswoman)	Q285493	1906	Q6581072
Sam Walton	Q497827	1918	Q6581097
Li Ka-shing	Q20151	1928	Q6581097
George Soros	Q12908	1930	Q6581097
Warren Buffett	Q47213	1930	Q6581097
Rupert Murdoch	Q53944	1931	Q6581097
Ted Turner	Q193368	1938	Q6581097
Carlos Slim	Q170419	1940	Q6581097
Pablo Escobar	Q187447	1949	Q6581097
Steve Jobs	Q19837	1955	Q6581097
Bill Gates	Q5284	1955	Q6581097
Elon Musk	Q317521	1971	Q6581097
Hanno the Navigator	Q296478	-0500	Q6581097
Zhang Qian	Q197276	-0200	Q6581097
Xuanzang	Q42063	0602	Q6581097
Leif Erikson	Q42838	0972	Q6581097
Marco Polo	Q6101	1254	Q6581097
Ibn Battuta	Q7331	1304	Q6581097
Zheng He	Q7333	1371	Q6581097
Christopher Columbus	Q7322	1451	Q6581097
Amerigo Vespucci	Q47674	1454	Q6581097
Vasco da Gama	Q7328	1469	Q6581097
Pedro Álvares Cabral	Q174432	1467	Q6581097
Juan Ponce de León	Q185974	1460	Q6581097
Ferdinand Magellan	Q1496	1480	Q6581097
Jacques Cartier	Q7321	1491	Q6581097
Hernando de Soto	Q60040	1500	Q6581097
Willem Barentsz	Q133060	1550	Q6581097
Abel Tasman	Q42188	1603	Q6581097
Vitus Bering	Q127641	1681	Q6581097
James Cook	Q7324	1728	Q6581097
David Livingstone	Q48373	1813	Q6581097
Fridtjof Nansen	Q72292	1861	Q6581097
Robert Falcon Scott	Q102527	1868	Q6581097
Ernest Shackleton	Q957543	1874	Q6581097
Roald Amundsen	Q926	1872	Q6581097
Amelia Earhart	Q3355	1897	Q6581072
Charles Lindbergh	Q1618	1902	Q6581097
Neil Armstrong	Q1615	1930	Q6581097
Yuri Gagarin	Q7327	1934	Q6581097
Valentina Tereshkova	Q44371	1937	Q6581072
Thales of Miletus	Q36303	-0650	Q6581097
Kaṇāda	Q29049	-0200	Q6581097
Laozi	Q9333	-0604	Q6581097
Heraclitus	Q41155	-0535	Q6581097
Confucius	Q4604	-0552	Q6581097
Socrates	Q913	-0470	Q6581097
Democritus	Q41980	-0460	Q6581097
Plato	Q859	-0427	Q6581097
Diogenes	Q59180	-0412	Q6581097
Shang Yang	Q351345	-0390	Q6581097
Aristotle	Q868	-0384	Q6581097
Mencius	Q188903	-0372	Q6581097
Epicurus	Q43216	-0342	Q6581097
Xunzi (philosopher)	Q216072	-0313	Q6581097
Han Fei	Q28959	-0279	Q6581097
Li Si	Q152919	-0280	Q6581097
Cicero	Q1541	-0106	Q6581097
Lucretius	Q47154	-0094	Q6581097
Seneca the Younger	Q2054	-0004	Q6581097
Plotinus	Q134189	0205	Q6581097
Augustine of Hippo	Q8018	0354	Q6581097
Al-Farabi	Q160460	0872	Q6581097
Peter Abelard	Q4295	1079	Q6581097
Averroes	Q39837	1126	Q6581097
Zhu Xi	Q9397	1130	Q6581097
Thomas Aquinas	Q9438	1225	Q6581097
Duns Scotus	Q190089	1265	Q6581097
William of Ockham	Q43936	1285	Q6581097
Erasmus	Q43499	1466	Q6581097
Wang Yangming	Q378462	1472	Q6581097
Giordano Bruno	Q36330	1548	Q6581097
Francis Bacon	Q37388	1561	Q6581097
René Descartes	Q9191	1596	Q6581097
Baruch Spinoza	Q35802	1632	Q6581097
George Berkeley	Q82049	1685	Q6581097
David Hume	Q37160	1711	Q6581097
Jean-Jacques Rousseau	Q6527	1712	Q6581097
Denis Diderot	Q448	1713	Q6581097
Immanuel Kant	Q9312	1724	Q6581097
Gotthold Ephraim Lessing	Q34628	1729	Q6581097
Jeremy Bentham	Q60887	1749	Q6581097
Johann Gottlieb Fichte	Q102585	1762	Q6581097
Georg Wilhelm Friedrich Hegel	Q9235	1770	Q6581097
Arthur Schopenhauer	Q38193	1788	Q6581097
Auguste Comte	Q12718	1798	Q6581097
Ralph Waldo Emerson	Q48226	1803	Q6581097
John Stuart Mill	Q50020	1806	Q6581097
Søren Kierkegaard	Q6512	1813	Q6581097
Henry David Thoreau	Q131149	1817	Q6581097
Charles Sanders Peirce	Q187520	1839	Q6581097
William James	Q125249	1842	Q6581097
Friedrich Nietzsche	Q9358	1844	Q6581097
Edmund Husserl	Q58586	1859	Q6581097
Henri Bergson	Q42156	1859	Q6581097
John Dewey	Q131805	1859	Q6581097
Alfred North Whitehead	Q183372	1861	Q6581097
Bertrand Russell	Q33760	1872	Q6581097
Ludwig Wittgenstein	Q9391	1889	Q6581097
Martin Heidegger	Q48301	1889	Q6581097
Karl Popper	Q81244	1902	Q6581097
Jean-Paul Sartre	Q9364	1905	Q6581097
Hannah Arendt	Q60025	1906	Q6581072
Simone de Beauvoir	Q7197	1908	Q6581072
Isaiah Berlin	Q205162	1909	Q6581097
Marshall McLuhan	Q193871	1911	Q6581097
John Rawls	Q172544	1921	Q6581097
Frantz Fanon	Q193670	1925	Q6581097
Michel Foucault	Q44272	1926	Q6581097
Jürgen Habermas	Q76357	1929	Q6581097
Jacques Derrida	Q130631	1930	Q6581097
Herodotus	Q26825	-0484	Q6581097
Thucydides	Q41683	-0460	Q6581097
Xenophon	Q129772	-0430	Q6581097
Sima Qian	Q9372	-0145	Q6581097
Josephus	Q134461	0037	Q6581097
Plutarch	Q41523	0040	Q6581097
Tacitus	Q2161	0056	Q6581097
Eusebius	Q142999	0265	Q6581097
Bede	Q154938	0672	Q6581097
Geoffrey of Monmouth	Q188344	1100	Q6581097
Ibn Khaldun	Q9294	1332	Q6581097
Jean Froissart	Q315000	1337	Q6581097
Giorgio Vasari	Q128027	1511	Q6581097
Edward Gibbon	Q161841	1737	Q6581097
Nikolay Karamzin	Q191598	1766	Q6581097
Leopold von Ranke	Q77184	1795	Q6581097
Theodor Mommsen	Q25351	1817	Q6581097
Heinrich Schliemann	Q57106	1822	Q6581097
Frederick Jackson Turner	Q548462	1861	Q6581097
Charles A. Beard	Q719860	1874	Q6581097
Fernand Braudel	Q185105	1902	Q6581097
A. J. P. Taylor	Q706931	1906	Q6581097
Eric Hobsbawm	Q34933	1917	Q6581097
Chanakya	Q9045	-0375	Q6581097
Niccolò Machiavelli	Q1399	1469	Q6581097
Hugo Grotius	Q154959	1583	Q6581097
Thomas Hobbes	Q37621	1588	Q6581097
John Locke	Q9353	1632	Q6581097
Montesquieu	Q15975	1689	Q6581097
Edmund Burke	Q165792	1729	Q6581097
Thomas Paine	Q126462	1737	Q6581097
Cesare Beccaria	Q223723	1738	Q6581097
Mary Wollstonecraft	Q101638	1759	Q6581072
Alexis de Tocqueville	Q140694	1805	Q6581097
Pierre-Joseph Proudhon	Q5749	1809	Q6581097
Mikhail Bakunin	Q27645	1814	Q6581097
Herbert Spencer	Q144535	1820	Q6581097
Friedrich Engels	Q34787	1820	Q6581097
Peter Kropotkin	Q5752	1842	Q6581097
Eduard Bernstein	Q75786	1850	Q6581097
Antonio Gramsci	Q83003	1891	Q6581097
Edward Said	Q201538	1935	Q6581097
Adam Smith	Q9381	1723	Q6581097
Thomas Robert Malthus	Q13526	1766	Q6581097
David Ricardo	Q160270	1772	Q6581097
Friedrich List	Q159917	1789	Q6581097
Karl Marx	Q9061	1818	Q6581097
Vilfredo Pareto	Q11031	1848	Q6581097
John Maynard Keynes	Q9317	1883	Q6581097
Friedrich Hayek	Q1325	1899	Q6581097
John Kenneth Galbraith	Q186042	1908	Q6581097
Milton Friedman	Q47426	1912	Q6581097
Paul Samuelson	Q102454	1915	Q6581097
Émile Durkheim	Q15948	1858	Q6581097
Franz Boas	Q76857	1858	Q6581097
Max Weber	Q9387	1864	Q6581097
Maria Montessori	Q131117	1870	Q6581072
Marcel Mauss	Q295393	1872	Q6581097
Bronisław Malinowski	Q184992	1884	Q6581097
Edward Bernays	Q434839	1891	Q6581097
Margaret Mead	Q180099	1901	Q6581072
Talcott Parsons	Q203913	1902	Q6581097
Theodor W. Adorno	Q152388	1903	Q6581097
Claude Lévi-Strauss	Q128126	1908	Q6581097
Clifford Geertz	Q310956	1926	Q6581097
Pierre Bourdieu	Q156268	1930	Q6581097
Pāṇini	Q189725	-0520	Q6581097
Noah Webster	Q241676	1758	Q6581097
Sequoyah	Q313595	1770	Q6581097
Louis Braille	Q93182	1809	Q6581097
Ferdinand de Saussure	Q13230	1857	Q6581097
Noam Chomsky	Q9049	1928	Q6581097
Wilhelm Wundt	Q75814	1832	Q6581097
Ivan Pavlov	Q42985	1849	Q6581097
Sigmund Freud	Q9215	1856	Q6581097
Edward Thorndike	Q309765	1874	Q6581097
Carl Jung	Q41532	1875	Q6581097
John B. Watson	Q217477	1878	Q6581097
Kurt Lewin	Q77106	1890	Q6581097
Anna Freud	Q78485	1895	Q6581072
Jean Piaget	Q123190	1896	Q6581097
Lev Vygotsky	Q180819	1896	Q6581097
Gordon Allport	Q310741	1897	Q6581097
Carl Rogers	Q191004	1902	Q6581097
Erik Erikson	Q58074	1902	Q6581097
B. F. Skinner	Q213195	1904	Q6581097
Raymond Cattell	Q353133	1905	Q6581097
Abraham Maslow	Q23357	1908	Q6581097
Albert Ellis	Q313931	1913	Q6581097
Leon Festinger	Q315916	1919	Q6581097
George Armitage Miller	Q670658	1920	Q6581097
Albert Bandura	Q153753	1925	Q6581097
Rabbi Akiva	Q310821	0050	Q6581097
Rashi	Q26456	1040	Q6581097
Maimonides	Q127398	1138	Q6581097
Judah Loew ben Bezalel	Q363513	1512	Q6581097
Baal Shem Tov	Q319062	1698	Q6581097
Vilna Gaon	Q279359	1720	Q6581097
Mary, mother of Jesus	Q345	-0018	Q6581072
John the Baptist	Q40662	-0006	Q6581097
Jesus	Q302	-0007	Q6581097
Saint Peter	Q33923	-0001	Q6581097
Judas Iscariot	Q81018		Q6581097
Paul the Apostle	Q9200	0005	Q6581097
John the Apostle	Q44015	0011	Q6581097
Mary Magdalene	Q63070		Q6581072
Irenaeus	Q182123	0130	Q6581097
Clement of Alexandria	Q188883	0150	Q6581097
Tertullian	Q174929	0150	Q6581097
Origen	Q170472	0185	Q6581097
Arius	Q106026	0250	Q6581097
Saint Nicholas	Q44269	0250	Q6581097
Saint George	Q48438	0275	Q6581097
Athanasius of Alexandria	Q44024	0296	Q6581097
Gregory of Nazianzus	Q44011	0329	Q6581097
Basil of Caesarea	Q44258	0329	Q6581097
Gregory of Nyssa	Q191734	0335	Q6581097
Ambrose	Q43689	0339	Q6581097
Jerome	Q44248	0345	Q6581097
John Chrysostom	Q43706	0349	Q6581097
Cyril of Alexandria	Q44079	0376	Q6581097
Benedict of Nursia	Q44265	0480	Q6581097
John of Damascus	Q51884	0675	Q6581097
Clement of Rome	Q42887	0100	Q6581097
Pope Leo I	Q43954	0390	Q6581097
Pope Gregory I	Q42827	0540	Q6581097
Anselm of Canterbury	Q43939	1033	Q6581097
Francis of Assisi	Q676555	1182	Q6581097
Bonaventure	Q43746	1221	Q6581097
John Wycliffe	Q173893	1320	Q6581097
Jan Hus	Q43977	1369	Q6581097
Tomás de Torquemada	Q210735	1420	Q6581097
Ignatius of Loyola	Q44281	1491	Q6581097
Francis Xavier	Q163900	1506	Q6581097
Teresa of Ávila	Q174880	1515	Q6581072
John of the Cross	Q190388	1542	Q6581097
Mother Teresa	Q30547	1910	Q6581072
Pope Pius IX	Q43720	1792	Q6581097
Pope John XXIII	Q23873	1881	Q6581097
Pope John Paul II	Q989	1920	Q6581097
Patriarch Nikon of Moscow	Q379587	1605	Q6581097
Grigori Rasputin	Q43989	1869	Q6581097
Martin Luther	Q9554	1483	Q6581097
Huldrych Zwingli	Q123034	1484	Q6581097
Thomas Cranmer	Q199894	1489	Q6581097
Philip Melanchthon	Q76325	1497	Q6581097
John Calvin	Q37577	1509	Q6581097
John Knox	Q189937	1514	Q6581097
Jacobus Arminius	Q313070	1560	Q6581097
John Wesley	Q213393	1703	Q6581097
Jonathan Edwards (theologian)	Q313073	1703	Q6581097
Karl Barth	Q107473	1886	Q6581097
Dietrich Bonhoeffer	Q76326	1906	Q6581097
Billy Graham	Q213550	1918	Q6581097
Desmond Tutu	Q43033	1931	Q6581097
Joseph Smith	Q47102	1805	Q6581097
Mary Baker Eddy	Q235069	1821	Q6581072
Khadija bint Khuwaylid	Q42034	0557	Q6581072
Muhammad	Q9458	0570	Q6581097
Fatima	Q180123	0604	Q6581072
Aisha	Q4730963	0605	Q6581072
Ali	Q39619	0599	Q6581097
Husayn ibn Ali	Q112128	0626	Q6581097
Ja'far al-Sadiq	Q170046	0702	Q6581097
Mulla Sadra	Q2010955	1571	Q6581097
Abu Hanifa	Q190896	0699	Q6581097
Malik ibn Anas	Q312299	0711	Q6581097
Al-Shafi'i	Q294281	0767	Q6581097
Ahmad ibn Hanbal	Q194442	0780	Q6581097
Muhammad al-Bukhari	Q241026	0810	Q6581097
Muslim ibn al-Hajjaj	Q140124	0817	Q6581097
Al-Ghazali	Q9546	1058	Q6581097
Ibn Arabi	Q46420	1165	Q6581097
Al-Nawawi	Q293571	1233	Q6581097
Ibn Taymiyya	Q491558	1263	Q6581097
Muhammad ibn Abd al-Wahhab	Q69351	1703	Q6581097
Baháʼu'lláh	Q101054	1817	Q6581097
Valmiki	Q715607		Q6581097
Vyasa	Q330521		Q6581097
Kapila	Q574355	-0550	Q6581097
Patanjali	Q231680		Q6581097
Gaudapada	Q1771062	0550	Q6581097
Kumārila Bhaṭṭa	Q774847	0700	Q6581097
Adi Shankara	Q180967	0788	Q6581097
Ramanuja	Q1741798	1017	Q6581097
Basava	Q771686	1134	Q6581097
Madhvacharya	Q335371	1190	Q6581097
Chaitanya Mahaprabhu	Q870262	1486	Q6581097
Ramakrishna	Q183126	1836	Q6581097
Swami Vivekananda	Q47478	1863	Q6581097
Sri Aurobindo	Q192207	1872	Q6581097
Ramana Maharshi	Q288441	1879	Q6581097
Paramahansa Yogananda	Q312549	1893	Q6581097
A. C. Bhaktivedanta Swami Prabhupada	Q234898	1896	Q6581097
The Buddha	Q9441	-0563	Q6581097
Nagarjuna	Q171195	0150	Q6581097
Padmasambhava	Q231582	0717	Q6581097
14th Dalai Lama	Q17293	1935	Q6581097
Lushan Huiyuan	Q1194206	0334	Q6581097
Kumārajīva	Q335293	0344	Q6581097
Bodhidharma	Q187172	0483	Q6581097
Zhiyi	Q197778	0538	Q6581097
Huineng	Q345012	0638	Q6581097
Maudgalyayana	Q379814		Q6581097
Śāriputra	Q320142	-0568	Q6581097
Ānanda	Q28988	-0600	Q6581097
Vasubandhu	Q316343	0300	Q6581097
Kūkai	Q222227	0774	Q6581097
Dōgen	Q318064	1200	Q6581097
Mahavira	Q9422	-0599	Q6581097
Guru Nanak	Q83322	1469	Q6581097
Guru Gobind Singh	Q312967	1666	Q6581097
Helena Blavatsky	Q189454	1831	Q6581072
Zoroaster	Q35811	-0628	Q6581097
Aleister Crowley	Q172684	1875	Q6581097
Ezana of Axum	Q379898		Q6581097
Gaiseric	Q152127	0389	Q6581097
Narmer	Q189582	-3200	Q6581097
Thutmose I	Q157962	-1600	Q6581097
Hatshepsut	Q129234	-1507	Q6581072
Thutmose III	Q157899	-1481	Q6581097
Akhenaten	Q81794	-1400	Q6581097
Nefertiti	Q40930	-1370	Q6581072
Tutankhamun	Q12154	-1341	Q6581097
Ramesses II	Q1523	-1303	Q6581097
Ramesses III	Q1528	-1217	Q6581097
Ptolemy I Soter	Q168261	-0365	Q6581097
Cleopatra	Q635	-0069	Q6581072
Modu Chanyu	Q382816	-0234	Q6581097
Gwanggaeto the Great	Q498791	0374	Q6581097
Yu the Great	Q627784	-2297	Q6581097
Qin Shi Huang	Q7192	-0259	Q6581097
Emperor Gaozu of Han	Q7210	-0256	Q6581097
Emperor Wu of Han	Q7225	-0156	Q6581097
Cao Cao	Q204077	0155	Q6581097
Ajatashatru	Q379242	-0500	Q6581097
Chandragupta Maurya	Q188541	-0340	Q6581097
Ashoka	Q8589	-0304	Q6581097
Menander I	Q347878	-0300	Q6581097
Kanishka	Q312544	0078	Q6581097
Samudragupta	Q1133363	0335	Q6581097
Chandragupta II	Q844536	0400	Q6581097
Sargon of Akkad	Q199461	-2350	Q6581097
Puduḫepa	Q268887	-1289	Q6581072
Ashurbanipal	Q171191	-0685	Q6581097
Tigranes the Great	Q201303	-0140	Q6581097
Mithridates VI Eupator	Q185126	-0134	Q6581097
Herod the Great	Q51672	-0074	Q6581097
Zenobia	Q189705	0240	Q6581072
Hammurabi	Q36359	-1810	Q6581097
Nebuchadnezzar II	Q12591	-0642	Q6581097
Antigonus I Monophthalmus	Q200401	-0382	Q6581097
Seleucus I Nicator	Q184176	-0358	Q6581097
Antiochus III the Great	Q3365	-0242	Q6581097
Cyrus the Great	Q8423	-0600	Q6581097
Darius the Great	Q44387	-0550	Q6581097
Xerxes I	Q129165	-0519	Q6581097
Decebalus	Q28928	0100	Q6581097
Attila	Q36724	0395	Q6581097
Lycurgus	Q211326	-0800	Q6581097
Draco (legislator)	Q28626	-0650	Q6581097
Solon	Q133337	-0638	Q6581097
Themistocles	Q179552	-0524	Q6581097
Pericles	Q80398	-0494	Q6581097
Alcibiades	Q187982	-0450	Q6581097
Demosthenes	Q117253	-0384	Q6581097
Pyrrhus of Epirus	Q172353	-0318	Q6581097
Philip II of Macedon	Q130650	-0385	Q6581097
Alexander the Great	Q8409	-0356	Q6581097
Vercingetorix	Q178953	-0080	Q6581097
Arminius	Q68880	-0017	Q6581097
Boudica	Q184634	0030	Q6581072
Alaric I	Q102371	0400	Q6581097
Theodoric I	Q110892	0393	Q6581097
Theodoric the Great	Q105105	0454	Q6581097
Cato the Elder	Q180081	-0234	Q6581097
Julius Caesar	Q1048	-0100	Q6581097
Augustus	Q1405	-0063	Q6581097
Tiberius	Q1407	-0042	Q6581097
Caligula	Q1409	0012	Q6581097
Nero	Q1413	0037	Q6581097
Domitian	Q1423	0051	Q6581097
Trajan	Q1425	0053	Q6581097
Hadrian	Q1427	0076	Q6581097
Marcus Aurelius	Q1430	0121	Q6581097
Diocletian	Q43107	0244	Q6581097
Constantine the Great	Q8413	0272	Q6581097
Theodosius I	Q46696	0347	Q6581097
Abd Allah al-Mahdi Billah	Q307629	0873	Q6581097
Al-Hakim bi-Amr Allah	Q342137	0985	Q6581097
Baybars	Q192960	1223	Q6581097
Mansa Musa	Q309333	1280	Q6581097
Al-Nasir Muhammad	Q293505	1285	Q6581097
Amda Seyon I	Q460342		Q6581097
Zara Yaqob	Q147677	1399	Q6581097
Askia Muhammad I	Q1771994	1443	Q6581097
Moctezuma I	Q13702	1398	Q6581097
Pachacuti	Q213758	1380	Q6581097
Bumin Qaghan	Q29001	0490	Q6581097
Khosrow I	Q207381	0501	Q6581097
Mahmud of Ghazni	Q189271	0971	Q6581097
Tughril I	Q144565	0990	Q6581097
Nizam al-Mulk	Q298427	1018	Q6581097
Muhammad of Ghor	Q1647182	1149	Q6581097
Tamar of Georgia	Q244007	1166	Q6581072
Muhammad II of Khwarazm	Q520090	1170	Q6581097
Timur	Q8462	1336	Q6581097
Tokhtamysh	Q309585	1342	Q6581097
Ulugh Beg	Q486088	1394	Q6581097
Emperor Wen of Sui	Q7418	0541	Q6581097
Emperor Taizong of Tang	Q9701	0598	Q6581097
Wu Zetian	Q9738	0624	Q6581072
Emperor Xuanzong of Tang	Q9746	0685	Q6581097
Yang Guifei	Q298046	0719	Q6581072
Emperor Taizu of Song	Q7471	0927	Q6581097
Hongwu Emperor	Q9957	1328	Q6581097
Yongle Emperor	Q9965	1360	Q6581097
Taejo of Goryeo	Q334312	0877	Q6581097
Taejo of Joseon	Q378483	1335	Q6581097
Sejong the Great	Q37682	1397	Q6581097
Genghis Khan	Q720	1162	Q6581097
Jochi	Q186581	1182	Q6581097
Ögedei Khan	Q7519	1186	Q6581097
Batu Khan	Q175138	1205	Q6581097
Kublai Khan	Q7523	1215	Q6581097
Hulegu Khan	Q177320	1217	Q6581097
Anawrahta	Q45241	1014	Q6581097
Suryavarman II	Q313298	1094	Q6581097
Jayavarman VII	Q335273	1125	Q6581097
Ramkhamhaeng	Q349249	1239	Q6581097
Gajah Mada	Q49329	1290	Q6581097
Trần Thánh Tông	Q711456	1240	Q6581097
Lê Lợi	Q1195391	1384	Q6581097
Lê Thánh Tông	Q1771050	1442	Q6581097
Harsha	Q216895	0590	Q6581097
Rajaraja I	Q2128757	0947	Q6581097
Prithviraj Chauhan	Q558219	1159	Q6581097
Alauddin Khalji	Q335362	1266	Q6581097
Saladin	Q8581	1138	Q6581097
Osman I	Q83100	1258	Q6581097
Mehmed II	Q34503	1432	Q6581097
Abu Bakr	Q334923	0573	Q6581097
Uthman	Q37731	0574	Q6581097
Umar	Q8467	0586	Q6581097
Mu'awiya I	Q181154	0603	Q6581097
Abd al-Malik ibn Marwan	Q36788	0646	Q6581097
Harun al-Rashid	Q131002	0766	Q6581097
Svatopluk I of Moravia	Q437589	0840	Q6581097
Stefan Dušan	Q207303	1308	Q6581097
Vlad the Impaler	Q43715	1431	Q6581097
Stephen the Great	Q218134	1433	Q6581097
Krum	Q192104	0755	Q6581097
Boris I of Bulgaria	Q311057	0828	Q6581097
Ivan Asen II	Q313427	1190	Q6581097
Justinian I	Q41866	0482	Q6581097
Theodora (wife of Justinian I)	Q204843	0500	Q6581072
Heraclius	Q41852	0575	Q6581097
Leo III the Isaurian	Q31755	0675	Q6581097
Basil II	Q41833	0958	Q6581097
Manuel I Komnenos	Q41610	1118	Q6581097
Stephen I of Hungary	Q177903	0969	Q6581097
Béla IV of Hungary	Q152370	1206	Q6581097
Louis I of Hungary	Q53998	1326	Q6581097
Matthias Corvinus	Q188634	1443	Q6581097
Mieszko I	Q53435		Q6581097
Bolesław I the Brave	Q53436	0967	Q6581097
Gediminas	Q244852	1275	Q6581097
Casimir III the Great	Q53457	1310	Q6581097
Vytautas the Great	Q218186	1352	Q6581097
Władysław II Jagiełło	Q54049	1362	Q6581097
Sviatoslav I	Q1058572	0942	Q6581097
Vladimir the Great	Q14974	0958	Q6581097
Yaroslav the Wise	Q188943	0978	Q6581097
Daniel of Galicia	Q58607	1201	Q6581097
Alexander Nevsky	Q174044	1220	Q6581097
Dmitry Donskoy	Q188995	1350	Q6581097
Ivan III of Russia	Q171185	1440	Q6581097
Alfred the Great	Q83476	0849	Q6581097
Æthelstan	Q170017	0895	Q6581097
William the Conqueror	Q37594	1028	Q6581097
Henry II of England	Q102140	1133	Q6581097
Richard I of England	Q42305	1157	Q6581097
John, King of England	Q129308	1166	Q6581097
Edward I of England	Q57798	1239	Q6581097
Robert the Bruce	Q187312	1274	Q6581097
Edward III of England	Q129247	1312	Q6581097
Henry V of England	Q131581	1386	Q6581097
Clovis I	Q82339	0466	Q6581097
Charles Martel	Q3301	0688	Q6581097
Charlemagne	Q3044	0748	Q6581097
Louis the Pious	Q43974	0778	Q6581097
Eleanor of Aquitaine	Q178525	1122	Q6581072
Philip II of France	Q34428	1165	Q6581097
Louis IX of France	Q346	1214	Q6581097
Philip IV of France	Q130969	1268	Q6581097
Louis XI	Q8058	1423	Q6581097
Charles the Fat	Q150712	0839	Q6581097
Henry the Lion	Q105378	1129	Q6581097
Otto the Great	Q43915	0912	Q6581097
Henry IV, Holy Roman Emperor	Q60094	1050	Q6581097
Frederick Barbarossa	Q79789	1122	Q6581097
Frederick II, Holy Roman Emperor	Q130221	1194	Q6581097
Charles IV, Holy Roman Emperor	Q155669	1316	Q6581097
Sigismund, Holy Roman Emperor	Q57124	1368	Q6581097
Maximilian I, Holy Roman Emperor	Q150726	1459	Q6581097
Robert Guiscard	Q203792	1016	Q6581097
Roger II of Sicily	Q193901	1095	Q6581097
Cosimo de' Medici	Q48544	1389	Q6581097
Lorenzo de' Medici	Q177854	1449	Q6581097
Girolamo Savonarola	Q164823	1452	Q6581097
Cesare Borgia	Q187998	1475	Q6581097
Pope Gregory VII	Q133063	1020	Q6581097
Pope Urban II	Q30578	1035	Q6581097
Pope Innocent III	Q128076	1160	Q6581097
Pope Boniface VIII	Q134646	1235	Q6581097
Pope Alexander VI	Q108316	1431	Q6581097
Pope Julius II	Q80516	1443	Q6581097
Cnut	Q134128	0994	Q6581097
Margaret I of Denmark	Q202266	1353	Q6581072
Abd al-Rahman I	Q29000	0731	Q6581097
Abd al-Rahman III	Q190418	0891	Q6581097
Afonso I of Portugal	Q587697	1109	Q6581097
Prince Henry the Navigator	Q182897	1394	Q6581097
Isabella I of Castile	Q45859	1451	Q6581072
Ferdinand II of Aragon	Q12860	1452	Q6581097
Ahmad ibn Ibrahim al-Ghazi	Q335728	1506	Q6581097
Ahmad al-Mansur	Q400911	1549	Q6581097
Nzinga of Ndongo and Matamba	Q467650	1582	Q6581072
Toussaint Louverture	Q205783	1743	Q6581097
Moctezuma II	Q141791	1466	Q6581097
La Malinche	Q230314		Q6581072
Atahualpa	Q179577	1502	Q6581097
Túpac Amaru	Q296269	1545	Q6581097
Túpac Amaru II	Q315937	1738	Q6581097
Benjamin Franklin	Q34969	1706	Q6581097
George Washington	Q23	1732	Q6581097
John Adams	Q11806	1735	Q6581097
Thomas Jefferson	Q11812	1743	Q6581097
James Madison	Q11813	1751	Q6581097
Alexander Hamilton	Q178903	1757	Q6581097
John Marshall	Q310829	1755	Q6581097
Ismail I	Q214559	1487	Q6581097
Abbas the Great	Q171349	1571	Q6581097
Nader Shah	Q192868	1688	Q6581097
Ahmad Shah Durrani	Q46798	1722	Q6581097
Jiajing Emperor	Q10011	1507	Q6581097
Nurhaci	Q311189	1559	Q6581097
Wanli Emperor	Q10061	1563	Q6581097
Hong Taiji	Q296367	1592	Q6581097
Kangxi Emperor	Q17790	1654	Q6581097
Qianlong Emperor	Q19133	1711	Q6581097
Oda Nobunaga	Q171411	1534	Q6581097
Toyotomi Hideyoshi	Q187550	1536	Q6581097
Tokugawa Ieyasu	Q171977	1543	Q6581097
Seonjo of Joseon	Q484359	1552	Q6581097
Jeongjo of Joseon	Q26530	1752	Q6581097
Naresuan	Q515704	1555	Q6581097
Iskandar Muda	Q375774	1583	Q6581097
Sultan Agung of Mataram	Q1771129	1593	Q6581097
Rama I	Q310992	1737	Q6581097
Quang Trung	Q379775	1752	Q6581097
Bayinnaung	Q470984	1516	Q6581097
Tabinshwehti	Q981475	1516	Q6581097
Alaungpaya	Q470978	1714	Q6581097
Krishnadevaraya	Q121235	1471	Q6581097
Sher Shah Suri	Q83680	1486	Q6581097
Babur	Q797848	1483	Q6581097
Humayun	Q486188	1508	Q6581097
Akbar	Q8597	1542	Q6581097
Shah Jahan	Q83672	1592	Q6581097
Aurangzeb	Q485547	1618	Q6581097
Shivaji	Q239505	1627	Q6581097
Hyder Ali	Q1569078	1720	Q6581097
Prithvi Narayan Shah	Q574450	1723	Q6581097
Robert Clive	Q162296	1725	Q6581097
Tipu Sultan	Q10088	1750	Q6581097
Selim I	Q494660	1470	Q6581097
Suleiman the Magnificent	Q8474	1494	Q6581097
Roxelana	Q255809		Q6581072
Mehmed IV	Q170514	1642	Q6581097
Selim III	Q199633	1761	Q6581097
Kamehameha I	Q214910	1800	Q6581097
Bohdan Khmelnytsky	Q203808	1595	Q6581097
Stephen Báthory	Q54030	1533	Q6581097
Sigismund III Vasa	Q52940	1566	Q6581097
John III Sobieski	Q53454	1629	Q6581097
Augustus II the Strong	Q53437	1670	Q6581097
Ivan the Terrible	Q7996	1530	Q6581097
Alexis of Russia	Q7731	1629	Q6581097
Peter the Great	Q8479	1672	Q6581097
Elizabeth of Russia	Q130752	1709	Q6581072
Catherine the Great	Q36450	1729	Q6581072
William the Silent	Q78454	1533	Q6581097
Frederick William I of Prussia	Q105013	1688	Q6581097
Frederick the Great	Q33550	1712	Q6581097
Henry VIII	Q38370	1491	Q6581097
Mary I of England	Q82674	1516	Q6581072
Elizabeth I	Q7207	1533	Q6581072
Mary, Queen of Scots	Q131412	1542	Q6581072
James VI and I	Q79972	1566	Q6581097
Oliver Cromwell	Q44279	1599	Q6581097
Charles I of England	Q81506	1600	Q6581097
William III of England	Q129987	1650	Q6581097
Robert Walpole	Q104190	1676	Q6581097
William Murray, 1st Earl of Mansfield	Q869340	1705	Q6581097
William Blackstone	Q332449	1723	Q6581097
George III	Q127318	1738	Q6581097
William Pitt the Younger	Q128902	1759	Q6581097
Francis I of France	Q129857	1494	Q6581097
Catherine de' Medici	Q131552	1519	Q6581072
Henry IV of France	Q936976	1553	Q6581097
Cardinal Richelieu	Q26702	1585	Q6581097
Cardinal Mazarin	Q166056	1602	Q6581097
Louis XIV	Q7742	1638	Q6581097
Louis XV	Q7738	1710	Q6581097
Madame de Pompadour	Q188965	1721	Q6581072
Louis XVI	Q7732	1754	Q6581097
Marie Antoinette	Q47365	1755	Q6581072
Charles V, Holy Roman Emperor	Q32500	1500	Q6581097
Ferdinand I, Holy Roman Emperor	Q150611	1503	Q6581097
Leopold I, Holy Roman Emperor	Q150494	1640	Q6581097
Maria Theresa	Q131706	1717	Q6581072
Joseph II, Holy Roman Emperor	Q76555	1741	Q6581097
Gustavus Adolphus	Q52938	1594	Q6581097
Christina, Queen of Sweden	Q52937	1626	Q6581072
Charles XII of Sweden	Q52934	1682	Q6581097
Charles XIV John	Q52927	1763	Q6581097
Philip II of Spain	Q34417	1527	Q6581097
Philip V of Spain	Q170467	1683	Q6581097
Sebastião José de Carvalho e Melo, 1st Marquis of Pombal	Q319511	1699	Q6581097
Patrice Lumumba	Q161672	1925	Q6581097
Mobutu Sese Seko	Q164535	1930	Q6581097
Paul Biya	Q57272	1933	Q6581097
Rainilaiarivony	Q528996	1828	Q6581097
Jomo Kenyatta	Q173563	1893	Q6581097
Hastings Banda	Q184945	1898	Q6581097
Julius Nyerere	Q186525	1922	Q6581097
Robert Mugabe	Q10707	1924	Q6581097
Kenneth Kaunda	Q105480	1924	Q6581097
Idi Amin	Q48231	1925	Q6581097
Paul Kagame	Q1231345	1957	Q6581097
Tewodros II	Q262589	1818	Q6581097
Yohannes IV	Q315659	1837	Q6581097
Menelik II	Q244748	1844	Q6581097
Haile Selassie	Q41178	1892	Q6581097
Emir Abdelkader	Q179825	1808	Q6581097
Muhammad Ahmad	Q298678	1844	Q6581097
Muammar Gaddafi	Q19878	1942	Q6581097
Muhammad Ali of Egypt	Q182781	1769	Q6581097
Isma'il Pasha of Egypt	Q159378	1831	Q6581097
Gamal Abdel Nasser	Q39524	1918	Q6581097
Anwar Sadat	Q42013	1918	Q6581097
Shaka	Q27695	1787	Q6581097
Cecil Rhodes	Q19825	1853	Q6581097
Nelson Mandela	Q8023	1918	Q6581097
F. W. de Klerk	Q151813	1936	Q6581097
Léopold Sédar Senghor	Q154545	1906	Q6581097
Nnamdi Azikiwe	Q181782	1904	Q6581097
Kwame Nkrumah	Q8620	1909	Q6581097
Olusegun Obasanjo	Q202006	1937	Q6581097
Kofi Annan	Q1254	1938	Q6581097
Ellen Johnson Sirleaf	Q43179	1938	Q6581072
Thomas Sankara	Q202155	1949	Q6581097
José de San Martín	Q134160	1778	Q6581097
Simón Bolívar	Q8605	1783	Q6581097
Antonio José de Sucre	Q189779	1795	Q6581097
Juan Perón	Q93330	1895	Q6581097
Salvador Allende	Q440	1908	Q6581097
Alfredo Stroessner	Q152534	1912	Q6581097
Augusto Pinochet	Q368	1915	Q6581097
Hugo Chávez	Q8440	1954	Q6581097
Pedro I of Brazil	Q939	1798	Q6581097
Pedro II of Brazil	Q156774	1825	Q6581097
Getúlio Vargas	Q156844	1882	Q6581097
Francisco Morazán	Q332111	1792	Q6581097
Rafael Trujillo	Q152474	1891	Q6581097
François Duvalier	Q187697	1907	Q6581097
Fidel Castro	Q11256	1926	Q6581097
Antonio López de Santa Anna	Q189145	1794	Q6581097
Benito Juárez	Q182276	1806	Q6581097
Porfirio Díaz	Q150688	1830	Q6581097
Andrew Jackson	Q11817	1767	Q6581097
Tecumseh	Q257808	1768	Q6581097
Henry Clay	Q319630	1777	Q6581097
James K. Polk	Q11891	1795	Q6581097
Abraham Lincoln	Q91	1809	Q6581097
Sitting Bull	Q43527	1831	Q6581097
Woodrow Wilson	Q34296	1856	Q6581097
Theodore Roosevelt	Q33866	1858	Q6581097
Franklin D. Roosevelt	Q8007	1882	Q6581097
Harry S. Truman	Q11613	1884	Q6581097
Eleanor Roosevelt	Q83396	1884	Q6581072
Dwight D. Eisenhower	Q9916	1890	Q6581097
J. Edgar Hoover	Q210435	1895	Q6581097
Lyndon B. Johnson	Q9640	1908	Q6581097
Ronald Reagan	Q9960	1911	Q6581097
Richard Nixon	Q9588	1913	Q6581097
John F. Kennedy	Q9696	1917	Q6581097
Donald Trump	Q22686	1946	Q6581097
George W. Bush	Q207	1946	Q6581097
Barack Obama	Q76	1961	Q6581097
John A. Macdonald	Q128702	1815	Q6581097
Pierre Trudeau	Q8619	1919	Q6581097
Mohammad Mosaddegh	Q123037	1882	Q6581097
Ruhollah Khomeini	Q38823	1902	Q6581097
Mohammad Zahir Shah	Q152265	1914	Q6581097
Mohammad Reza Pahlavi	Q128245	1919	Q6581097
Eduard Shevardnadze	Q151929	1928	Q6581097
Empress Dowager Cixi	Q47842	1835	Q6581072
Chiang Kai-shek	Q16574	1887	Q6581097
Mao Zedong	Q5816	1893	Q6581097
Soong Mei-ling	Q17135	1898	Q6581072
Zhou Enlai	Q17410	1898	Q6581097
Deng Xiaoping	Q16977	1904	Q6581097
Puyi	Q185152	1906	Q6581097
Jiang Qing	Q236017	1914	Q6581072
Xi Jinping	Q15031	1953	Q6581097
Emperor Meiji	Q174231	1852	Q6581097
Hideki Tojo	Q160847	1884	Q6581097
Eisaku Satō	Q179871	1901	Q6581097
Hirohito	Q34479	1901	Q6581097
Shinzo Abe	Q132345	1954	Q6581097
Syngman Rhee	Q171684	1875	Q6581097
Kim Il Sung	Q41117	1912	Q6581097
Park Chung Hee	Q14356	1917	Q6581097
Chulalongkorn	Q158861	1853	Q6581097
Ho Chi Minh	Q36014	1890	Q6581097
Sukarno	Q76127	1901	Q6581097
Ne Win	Q315522	1911	Q6581097
Ferdinand Marcos	Q1463	1917	Q6581097
Suharto	Q44819	1921	Q6581097
Lee Kuan Yew	Q131248	1923	Q6581097
Pol Pot	Q39464	1925	Q6581097
Mahathir Mohamad	Q181383	1925	Q6581097
Corazon Aquino	Q1480	1933	Q6581072
Muhammad Ali Jinnah	Q160554	1876	Q6581097
D. S. Senanayake	Q663001	1884	Q6581097
Sheikh Mujibur Rahman	Q191375	1920	Q6581097
Benazir Bhutto	Q34413	1953	Q6581072
George Curzon, 1st Marquess Curzon of Kedleston	Q271878	1859	Q6581097
Vallabhbhai Patel	Q9455	1875	Q6581097
Jawaharlal Nehru	Q1047	1889	Q6581097
Indira Gandhi	Q1149	1917	Q6581072
Atal Bihari Vajpayee	Q233289	1924	Q6581097
Manmohan Singh	Q41914	1932	Q6581097
Narendra Modi	Q1058	1950	Q6581097
Mahmud II	Q174791	1785	Q6581097
Abdul Hamid II	Q134817	1842	Q6581097
Talaat Pasha	Q315888	1874	Q6581097
Ibn Saud	Q151509	1877	Q6581097
Mustafa Kemal Atatürk	Q5152	1881	Q6581097
David Ben-Gurion	Q37610	1886	Q6581097
Golda Meir	Q42992	1898	Q6581072
Yasser Arafat	Q34211	1929	Q6581097
Saddam Hussein	Q1316	1937	Q6581097
Benjamin Netanyahu	Q43723	1949	Q6581097
Recep Tayyip Erdoğan	Q39259	1954	Q6581097
John Curtin	Q23375	1885	Q6581097
Francis II, Holy Roman Emperor	Q130834	1768	Q6581097
Klemens von Metternich	Q45662	1773	Q6581097
Franz Joseph I of Austria	Q51056	1830	Q6581097
Józef Piłsudski	Q885	1867	Q6581097
Alexander Dubček	Q150543	1921	Q6581097
Václav Havel	Q36233	1936	Q6581097
Lech Wałęsa	Q444	1943	Q6581097
Ion Antonescu	Q152030	1882	Q6581097
Ante Pavelić	Q36965	1889	Q6581097
Josip Broz Tito	Q9161	1892	Q6581097
Nicolae Ceaușescu	Q80504	1918	Q6581097
Slobodan Milošević	Q47139	1941	Q6581097
Alexander I of Russia	Q15193	1777	Q6581097
Nicholas I of Russia	Q130734	1796	Q6581097
Alexander II of Russia	Q83171	1818	Q6581097
Nicholas II	Q40787	1868	Q6581097
Vladimir Lenin	Q1394	1870	Q6581097
Joseph Stalin	Q855	1878	Q6581097
Leon Trotsky	Q33391	1879	Q6581097
Nikita Khrushchev	Q35314	1894	Q6581097
Leonid Brezhnev	Q765165	1906	Q6581097
Boris Yeltsin	Q34453	1931	Q6581097
Mikhail Gorbachev	Q30487	1931	Q6581097
Vladimir Putin	Q7747	1952	Q6581097
Carl Gustaf Emil Mannerheim	Q152306	1867	Q6581097
Dag Hammarskjöld	Q1267	1905	Q6581097
Gro Harlem Brundtland	Q133009	1939	Q6581072
Leopold II of Belgium	Q12967	1835	Q6581097
Napoleon	Q517	1769	Q6581097
Louis Philippe I	Q7771	1773	Q6581097
Adolphe Thiers	Q5738	1797	Q6581097
Napoleon III	Q7721	1808	Q6581097
Georges Clemenceau	Q171730	1841	Q6581097
Charles de Gaulle	Q2042	1890	Q6581097
François Mitterrand	Q2038	1916	Q6581097
Wilhelm I	Q150652	1797	Q6581097
Otto von Bismarck	Q8442	1815	Q6581097
Wilhelm II	Q2677	1859	Q6581097
Konrad Adenauer	Q2492	1876	Q6581097
Adolf Hitler	Q352	1889	Q6581097
Joseph Goebbels	Q41749	1897	Q6581097
Heinrich Himmler	Q43067	1900	Q6581097
Erich Honecker	Q2607	1912	Q6581097
Willy Brandt	Q2514	1913	Q6581097
Helmut Kohl	Q2518	1930	Q6581097
Angela Merkel	Q567	1954	Q6581072
António de Oliveira Salazar	Q151394	1889	Q6581097
Francisco Franco	Q29179	1892	Q6581097
Juan Carlos I	Q19943	1938	Q6581097
Charles Stewart Parnell	Q317436	1846	Q6581097
Éamon de Valera	Q173347	1882	Q6581097
Michael Collins (Irish leader)	Q173196	1890	Q6581097
Camillo Benso, Count of Cavour	Q166092	1810	Q6581097
Benito Mussolini	Q23559	1883	Q6581097
Robert Peel	Q181875	1788	Q6581097
Benjamin Disraeli	Q82006	1804	Q6581097
William Ewart Gladstone	Q160852	1809	Q6581097
Queen Victoria	Q9439	1819	Q6581072
David Lloyd George	Q134982	1863	Q6581097
Winston Churchill	Q8016	1874	Q6581097
Clement Attlee	Q129006	1883	Q6581097
Margaret Thatcher	Q7416	1925	Q6581072
Elizabeth II	Q9682	1926	Q6581072
Hannibal	Q36456	-0247	Q6581097
Sun Tzu	Q37151	-0544	Q6581097
Zhuge Liang	Q198211	0181	Q6581097
Leonidas I	Q44228		Q6581097
Scipio Africanus	Q2253	-0235	Q6581097
Sulla	Q483783	-0138	Q6581097
Pompey	Q125414	-0106	Q6581097
Mark Antony	Q51673	-0083	Q6581097
Flavius Aetius	Q185476	0390	Q6581097
Khalid ibn al-Walid	Q26918	0592	Q6581097
Amr ibn al-As	Q314781		Q6581097
El Cid	Q43958		Q6581097
Godfrey of Bouillon	Q76721	1060	Q6581097
Subutai	Q162217	1175	Q6581097
Trần Hưng Đạo	Q511375	1228	Q6581097
Jan Žižka	Q215968	1360	Q6581097
Skanderbeg	Q160614	1405	Q6581097
John Hunyadi	Q242688	1407	Q6581097
Joan of Arc	Q7226	1412	Q6581072
Yi Sun-sin	Q50184	1545	Q6581097
Miyamoto Musashi	Q193344	1584	Q6581097
Afonso de Albuquerque	Q204397	1452	Q6581097
Hayreddin Barbarossa	Q200582	1478	Q6581097
Francisco Pizarro	Q44741	1478	Q6581097
Hernán Cortés	Q7326	1485	Q6581097
Fernando Álvarez de Toledo, 3rd Duke of Alba	Q80847	1507	Q6581097
Francis Drake	Q36517	1540	Q6581097
Michiel de Ruyter	Q316945	1607	Q6581097
John Churchill, 1st Duke of Marlborough	Q153803	1650	Q6581097
Prince Eugene of Savoy	Q152428	1663	Q6581097
Alexander Suvorov	Q154232	1730	Q6581097
Robert E. Lee	Q165557	1807	Q6581097
Ulysses S. Grant	Q34836	1822	Q6581097
Alfred Thayer Mahan	Q142988	1840	Q6581097
Douglas MacArthur	Q127417	1880	Q6581097
George C. Marshall	Q151414	1880	Q6581097
Enver Pasha	Q153899	1881	Q6581097
Isoroku Yamamoto	Q152325	1884	Q6581097
Võ Nguyên Giáp	Q179910	1911	Q6581097
Horatio Nelson, 1st Viscount Nelson	Q83235	1758	Q6581097
Arthur Wellesley, 1st Duke of Wellington	Q131691	1769	Q6581097
Carl von Clausewitz	Q76430	1780	Q6581097
Helmuth von Moltke the Elder	Q44205	1800	Q6581097
Giuseppe Garibaldi	Q539	1807	Q6581097
Paul von Hindenburg	Q2667	1847	Q6581097
Robert Baden-Powell, 1st Baron Baden-Powell	Q12665	1857	Q6581097
Erich Ludendorff	Q58579	1865	Q6581097
Bernard Montgomery	Q152025	1887	Q6581097
T. E. Lawrence	Q170596	1888	Q6581097
Erwin Rommel	Q14060	1891	Q6581097
Hermann Göring	Q47906	1893	Q6581097
Georgy Zhukov	Q124617	1896	Q6581097
Spartacus	Q83406		Q6581097
Abu Muslim	Q335210	0718	Q6581097
Babak Khorramdin	Q379997	0798	Q6581097
Huang Chao	Q714113	0801	Q6581097
Bartolomé de las Casas	Q207416	1474	Q6581097
Blackbeard	Q213518	1680	Q6581097
Thomas Müntzer	Q153981	1489	Q6581097
Yemelyan Pugachev	Q154240	1742	Q6581097
William Wilberforce	Q207672	1759	Q6581097
Jean-Paul Marat	Q122290	1743	Q6581097
Maximilien Robespierre	Q44197	1758	Q6581097
Georges Danton	Q184623	1759	Q6581097
Louis Riel	Q313691	1844	Q6581097
Marcus Garvey	Q272504	1887	Q6581097
Che Guevara	Q5809	1928	Q6581097
Miguel Hidalgo y Costilla	Q55636	1753	Q6581097
Pancho Villa	Q192278	1878	Q6581097
Emiliano Zapata	Q41718	1879	Q6581097
Sojourner Truth	Q105180	1797	Q6581072
Elizabeth Cady Stanton	Q465335	1815	Q6581072
Frederick Douglass	Q215562	1817	Q6581097
Susan B. Anthony	Q192245	1820	Q6581072
Harriet Tubman	Q102870	1821	Q6581072
John Muir	Q379580	1838	Q6581097
Booker T. Washington	Q319871	1856	Q6581097
Jane Addams	Q180989	1860	Q6581072
W. E. B. Du Bois	Q158060	1868	Q6581097
Margaret Sanger	Q285514	1879	Q6581072
Helen Keller	Q38203	1880	Q6581072
Rosa Parks	Q41921	1913	Q6581072
Betty Friedan	Q234604	1921	Q6581072
Malcolm X	Q43303	1925	Q6581097
Martin Luther King Jr.	Q8027	1929	Q6581097
Harvey Milk	Q17141	1930	Q6581097
Sayyid Qutb	Q211379	1906	Q6581097
Ken Saro-Wiwa	Q316292	1941	Q6581097
Steve Biko	Q214473	1946	Q6581097
Diponegoro	Q28899	1785	Q6581097
Hong Xiuquan	Q334732	1814	Q6581097
José Rizal	Q1500	1861	Q6581097
Sun Yat-sen	Q8573	1866	Q6581097
Aung San	Q194161	1915	Q6581097
Aung San Suu Kyi	Q36740	1945	Q6581072
Osama bin Laden	Q1317	1957	Q6581097
Rani of Jhansi	Q181878	1828	Q6581072
Bal Gangadhar Tilak	Q312555	1856	Q6581097
Mahatma Gandhi	Q1001	1869	Q6581097
B. R. Ambedkar	Q231690	1891	Q6581097
Subhas Chandra Bose	Q2153	1897	Q6581097
Henry Dunant	Q12091	1828	Q6581097
Emmeline Pankhurst	Q211519	1858	Q6581072
Theodor Herzl	Q44003	1860	Q6581097
Emma Goldman	Q79969	1869	Q6581072
Rosa Luxemburg	Q7231	1871	Q6581072
Pythagoras	Q10261	-0550	Q6581097
Hippocrates	Q5264	-0460	Q6581097
Euclid	Q8747	-0333	Q6581097
Archimedes	Q8739	-0287	Q6581097
Eratosthenes	Q43182	-0276	Q6581097
Apollonius of Perga	Q180109	-0262	Q6581097
Hipparchus	Q159905	-0190	Q6581097
Pliny the Elder	Q82778	0020	Q6581097
Cai Lun	Q229235	0057	Q6581097
Zhang Heng	Q197206	0078	Q6581097
Ptolemy	Q34943	0100	Q6581097
Galen	Q8778	0200	Q6581097
Diophantus	Q178217	0201	Q6581097
Hypatia	Q11903	0360	Q6581072
Aryabhata	Q11359	0476	Q6581097
Brahmagupta	Q202943	0598	Q6581097
Jabir ibn Hayyan	Q167852	0721	Q6581097
Al-Khwarizmi	Q9038	0750	Q6581097
Abu Bakr al-Razi	Q169234	0866	Q6581097
Al-Zahrawi	Q311495	0936	Q6581097
Ibn al-Haytham	Q11104	0965	Q6581097
Al-Biruni	Q11826	0973	Q6581097
Avicenna	Q8011	0980	Q6581097
Shen Kuo	Q270085	1031	Q6581097
Fibonacci	Q8763	1170	Q6581097
Nasir al-Din al-Tusi	Q302835	1201	Q6581097
William Gilbert (physicist)	Q192706	1544	Q6581097
Christiaan Huygens	Q39599	1629	Q6581097
Robert Hooke	Q46830	1635	Q6581097
Isaac Newton	Q935	1642	Q6581097
Mikhail Lomonosov	Q58720	1711	Q6581097
Henry Cavendish	Q131733	1731	Q6581097
Nicolaus Copernicus	Q619	1473	Q6581097
Tycho Brahe	Q36620	1546	Q6581097
Galileo Galilei	Q307	1564	Q6581097
Johannes Kepler	Q8963	1571	Q6581097
Edmond Halley	Q47434	1656	Q6581097
William Herschel	Q14277	1738	Q6581097
Caroline Herschel	Q76948	1750	Q6581072
Thomas Young (scientist)	Q25820	1773	Q6581097
André-Marie Ampère	Q675	1775	Q6581097
Amedeo Avogadro	Q43476	1776	Q6581097
Hans Christian Ørsted	Q44412	1777	Q6581097
Augustin-Jean Fresnel	Q187241	1788	Q6581097
Georg Ohm	Q1585	1789	Q6581097
Michael Faraday	Q8750	1791	Q6581097
Nicolas Léonard Sadi Carnot	Q181685	1796	Q6581097
James Prescott Joule	Q8962	1818	Q6581097
Léon Foucault	Q187966	1819	Q6581097
Hermann von Helmholtz	Q60024	1821	Q6581097
Gustav Kirchhoff	Q60052	1824	Q6581097
Lord Kelvin	Q122701	1824	Q6581097
James Clerk Maxwell	Q9095	1831	Q6581097
Johannes Diderik van der Waals	Q131721	1837	Q6581097
Ernst Mach	Q93996	1838	Q6581097
Wilhelm Röntgen	Q35149	1845	Q6581097
Henri Becquerel	Q41269	1852	Q6581097
Albert A. Michelson	Q127234	1852	Q6581097
J. J. Thomson	Q47285	1856	Q6581097
Heinrich Hertz	Q41257	1857	Q6581097
Pierre Curie	Q37463	1859	Q6581097
William Henry Bragg	Q133747	1862	Q6581097
Marie Curie	Q7186	1867	Q6581072
Robert Andrews Millikan	Q130975	1868	Q6581097
C. V. Raman	Q60429	1888	Q6581097
Tsung-Dao Lee	Q183679	1926	Q6581097
Charles K. Kao	Q16389	1933	Q6581097
Edwin Hubble	Q43027	1889	Q6581097
Georges Lemaître	Q12998	1894	Q6581097
Carl Sagan	Q410	1934	Q6581097
Ernest Rutherford	Q9123	1871	Q6581097
Lise Meitner	Q56189	1878	Q6581072
James Chadwick	Q80884	1891	Q6581097
Ernest Lawrence	Q169577	1901	Q6581097
Enrico Fermi	Q8753	1901	Q6581097
Hans Bethe	Q155794	1906	Q6581097
Andrei Sakharov	Q997	1921	Q6581097
Ludwig Boltzmann	Q84296	1844	Q6581097
Hendrik Lorentz	Q41688	1853	Q6581097
Max Planck	Q9021	1858	Q6581097
Albert Einstein	Q937	1879	Q6581097
Max Born	Q58978	1882	Q6581097
Niels Bohr	Q7085	1885	Q6581097
Erwin Schrödinger	Q9130	1887	Q6581097
Wolfgang Pauli	Q65989	1900	Q6581097
Werner Heisenberg	Q40904	1901	Q6581097
Paul Dirac	Q47480	1902	Q6581097
J. Robert Oppenheimer	Q132537	1904	Q6581097
Edward Teller	Q6733	1908	Q6581097
Richard Feynman	Q39246	1918	Q6581097
Murray Gell-Mann	Q172840	1929	Q6581097
Stephen Hawking	Q17714	1942	Q6581097
Robert Boyle	Q43393	1627	Q6581097
Joseph Priestley	Q159636	1733	Q6581097
Antoine Lavoisier	Q39607	1743	Q6581097
John Dalton	Q41284	1766	Q6581097
Joseph Louis Gay-Lussac	Q153185	1778	Q6581097
Humphry Davy	Q131761	1778	Q6581097
Jöns Jacob Berzelius	Q151911	1779	Q6581097
Friedrich Wöhler	Q58575	1800	Q6581097
Justus von Liebig	Q16571	1803	Q6581097
Dmitri Mendeleev	Q9106	1834	Q6581097
Josiah Willard Gibbs	Q153243	1839	Q6581097
Jacobus Henricus van 't Hoff	Q102822	1852	Q6581097
Svante Arrhenius	Q80956	1859	Q6581097
Fritz Haber	Q57075	1868	Q6581097
Gilbert N. Lewis	Q208858	1875	Q6581097
Otto Hahn	Q57065	1879	Q6581097
Irving Langmuir	Q184286	1881	Q6581097
Peter Debye	Q103835	1884	Q6581097
Harold Urey	Q179777	1893	Q6581097
Linus Pauling	Q48983	1901	Q6581097
Dorothy Hodgkin	Q7487	1910	Q6581072
Robert Burns Woodward	Q232316	1917	Q6581097
Frederick Sanger	Q151564	1918	Q6581097
Antonie van Leeuwenhoek	Q43522	1632	Q6581097
Carl Linnaeus	Q1043	1707	Q6581097
Joseph Banks	Q153408	1743	Q6581097
Jean-Baptiste Lamarck	Q82122	1744	Q6581097
Georges Cuvier	Q171969	1769	Q6581097
John James Audubon	Q182882	1785	Q6581097
Louis Agassiz	Q122972	1807	Q6581097
Charles Darwin	Q1035	1809	Q6581097
Joseph Dalton Hooker	Q157501	1817	Q6581097
Gregor Mendel	Q37970	1822	Q6581097
Alfred Russel Wallace	Q160627	1823	Q6581097
Thomas Henry Huxley	Q184366	1825	Q6581097
Ernst Haeckel	Q48246	1834	Q6581097
Edward Drinker Cope	Q298933	1840	Q6581097
Eugenius Warming	Q355888	1840	Q6581097
Santiago Ramón y Cajal	Q150526	1852	Q6581097
George Washington Carver	Q296898	1864	Q6581097
Alfred Kinsey	Q186561	1894	Q6581097
Hans Krebs (biochemist)	Q57191	1900	Q6581097
Barbara McClintock	Q199654	1902	Q6581072
Konrad Lorenz	Q78496	1903	Q6581097
Rachel Carson	Q100948	1907	Q6581072
Norman Borlaug	Q154824	1914	Q6581097
Francis Crick	Q123280	1916	Q6581097
Rosalind Franklin	Q7474	1920	Q6581072
James Watson	Q83333	1928	Q6581097
Jane Goodall	Q184746	1934	Q6581072
W. D. Hamilton	Q15451	1936	Q6581097
Stephen Jay Gould	Q180619	1941	Q6581097
Paracelsus	Q83428	1493	Q6581097
Andreas Vesalius	Q170267	1514	Q6581097
Li Shizhen	Q698925	1517	Q6581097
William Harvey	Q93128	1578	Q6581097
Luigi Galvani	Q1589	1737	Q6581097
Edward Jenner	Q40852	1749	Q6581097
Claude Bernard	Q208230	1813	Q6581097
Ignaz Semmelweis	Q59736	1818	Q6581097
Florence Nightingale	Q37103	1820	Q6581072
Louis Pasteur	Q529	1822	Q6581097
Joseph Lister	Q155768	1827	Q6581097
Robert Koch	Q37193	1843	Q6581097
Alexander Fleming	Q37064	1881	Q6581097
Jonas Salk	Q200101	1914	Q6581097
James Hutton	Q192927	1726	Q6581097
Charles Lyell	Q5333	1797	Q6581097
Alexander von Humboldt	Q6694	1769	Q6581097
Alfred Wegener	Q76323	1880	Q6581097
Jacques Cousteau	Q83233	1910	Q6581097
Marie Tharp	Q538786	1920	Q6581072
Johannes Gutenberg	Q8958	1400	Q6581097
James Watt	Q9041	1736	Q6581097
Alessandro Volta	Q680	1745	Q6581097
Nicéphore Niépce	Q188342	1765	Q6581097
Robert Fulton	Q192496	1765	Q6581097
Eli Whitney	Q280930	1765	Q6581097
George Stephenson	Q133614	1781	Q6581097
Louis Daguerre	Q131405	1787	Q6581097
Samuel Morse	Q75698	1791	Q6581097
Isambard Kingdom Brunel	Q207380	1806	Q6581097
Cyrus McCormick	Q719357	1809	Q6581097
Gustave Eiffel	Q20882	1832	Q6581097
Alfred Nobel	Q23810	1833	Q6581097
Carl Benz	Q40224	1844	Q6581097
Thomas Edison	Q8743	1847	Q6581097
Alexander Graham Bell	Q34286	1847	Q6581097
Emile Berliner	Q71004	1851	Q6581097
Charles Algernon Parsons	Q150910	1854	Q6581097
George Eastman	Q189147	1854	Q6581097
Nikola Tesla	Q9036	1856	Q6581097
Rudolf Diesel	Q12674	1858	Q6581097
Leo Baekeland	Q243442	1863	Q6581097
Lee de Forest	Q354863	1873	Q6581097
Guglielmo Marconi	Q36488	1874	Q6581097
Robert H. Goddard	Q182546	1882	Q6581097
John Logie Baird	Q133544	1888	Q6581097
Philo Farnsworth	Q360098	1906	Q6581097
Sergei Korolev	Q170842	1906	Q6581097
John Bardeen	Q949	1908	Q6581097
William Shockley	Q163415	1910	Q6581097
Wernher von Braun	Q57384	1912	Q6581097
Jack Kilby	Q182031	1923	Q6581097
Steve Wozniak	Q483382	1950	Q6581097
Gerolamo Cardano	Q184530	1501	Q6581097
Pierre de Fermat	Q75655	1601	Q6581097
Blaise Pascal	Q1290	1623	Q6581097
Gottfried Wilhelm Leibniz	Q9047	1646	Q6581097
Jacob Bernoulli	Q122392	1655	Q6581097
Johann Bernoulli	Q227897	1667	Q6581097
Daniel Bernoulli	Q122366	1700	Q6581097
Leonhard Euler	Q7604	1707	Q6581097
Jean le Rond d'Alembert	Q153232	1717	Q6581097
Joseph-Louis Lagrange	Q80222	1736	Q6581097
Gaspard Monge	Q206832	1746	Q6581097
Pierre-Simon Laplace	Q44481	1749	Q6581097
Joseph Fourier	Q8772	1768	Q6581097
Carl Friedrich Gauss	Q6722	1777	Q6581097
Siméon Denis Poisson	Q190772	1781	Q6581097
Augustin-Louis Cauchy	Q8814	1789	Q6581097
Nikolai Lobachevsky	Q129199	1792	Q6581097
Niels Henrik Abel	Q124115	1802	Q6581097
Carl Gustav Jacob Jacobi	Q76564	1804	Q6581097
Peter Gustav Lejeune Dirichlet	Q29193	1805	Q6581097
William Rowan Hamilton	Q11887	1805	Q6581097
Évariste Galois	Q7091	1811	Q6581097
Karl Weierstrass	Q57103	1815	Q6581097
George Boole	Q134661	1815	Q6581097
Arthur Cayley	Q159430	1821	Q6581097
Francis Galton	Q191026	1822	Q6581097
Charles Hermite	Q168401	1822	Q6581097
Bernhard Riemann	Q42299	1826	Q6581097
Georg Cantor	Q76420	1845	Q6581097
Gottlob Frege	Q60028	1848	Q6581097
Henri Poincaré	Q81082	1854	Q6581097
Karl Pearson	Q310794	1857	Q6581097
David Hilbert	Q41585	1862	Q6581097
Emmy Noether	Q7099	1882	Q6581072
Hermann Weyl	Q71029	1885	Q6581097
Srinivasa Ramanujan	Q83163	1887	Q6581097
Ronald Fisher	Q216723	1890	Q6581097
Stefan Banach	Q180217	1892	Q6581097
Alfred Tarski	Q207534	1901	Q6581097
Andrey Kolmogorov	Q153224	1903	Q6581097
John von Neumann	Q17455	1903	Q6581097
Kurt Gödel	Q41390	1906	Q6581097
Claude Shannon	Q92760	1916	Q6581097
Benoit Mandelbrot	Q101740	1924	Q6581097
Alexander Grothendieck	Q77141	1928	Q6581097
Charles Babbage	Q46633	1791	Q6581097
Ada Lovelace	Q7259	1815	Q6581072
Grace Hopper	Q11641	1906	Q6581072
Konrad Zuse	Q60093	1910	Q6581097
Alan Turing	Q7251	1912	Q6581097
Douglas Engelbart	Q92614	1925	Q6581097
Edsger W. Dijkstra	Q8556	1930	Q6581097
Donald Knuth	Q17457	1938	Q6581097
Dennis Ritchie	Q45575	1941	Q6581097
Tim Berners-Lee	Q80	1955	Q6581097
Linus Torvalds	Q34253	1969	Q6581097
Pierre de Coubertin	Q82984	1863	Q6581097
Paavo Nurmi	Q101942	1897	Q6581097
Jesse Owens	Q52651	1913	Q6581097
Fanny Blankers-Koen	Q229046	1918	Q6581072
Wilma Rudolph	Q31083	1940	Q6581072
Edwin Moses	Q52620	1955	Q6581097
Florence Griffith Joyner	Q31082	1959	Q6581072
Carl Lewis	Q131237	1961	Q6581097
Jackie Joyner-Kersee	Q209390	1962	Q6581072
Sergey Bubka	Q184556	1963	Q6581097
Haile Gebrselassie	Q171500	1973	Q6581097
Hicham El Guerrouj	Q83905	1974	Q6581097
Usain Bolt	Q1189	1986	Q6581097
Enzo Ferrari	Q181282	1898	Q6581097
Juan Manuel Fangio	Q2069	1911	Q6581097
Ayrton Senna	Q10490	1960	Q6581097
Michael Schumacher	Q9671	1969	Q6581097
Joe Louis	Q273206	1914	Q6581097
Sugar Ray Robinson	Q316706	1921	Q6581097
Muhammad Ali	Q36107	1942	Q6581097
Bobby Fischer	Q41314	1943	Q6581097
Garry Kasparov	Q28614	1963	Q6581097
Tenzing Norgay	Q80732	1914	Q6581097
Edmund Hillary	Q33817	1919	Q6581097
Junko Tabei	Q234491	1939	Q6581072
Eddy Merckx	Q103756	1945	Q6581097
Sonja Henie	Q204205	1912	Q6581072
Yuzuru Hanyu	Q597023	1994	Q6581097
Jack Nicklaus	Q9424	1940	Q6581097
Tiger Woods	Q10993	1975	Q6581097
Larisa Latynina	Q22102	1934	Q6581072
Nadia Comăneci	Q33228	1961	Q6581072
Simone Biles	Q7520267	1997	Q6581072
Kanō Jigorō	Q190141	1860	Q6581097
Bruce Lee	Q16397	1940	Q6581097
Ingemar Stenmark	Q530	1956	Q6581097
Marit Bjørgen	Q216256	1980	Q6581072
Eric Heiden	Q311289	1958	Q6581097
Johnny Weissmuller	Q151284	1904	Q6581097
Mark Spitz	Q180748	1950	Q6581097
Michael Phelps	Q39562	1985	Q6581097
Suzanne Lenglen	Q232831	1899	Q6581072
Rod Laver	Q105550	1938	Q6581097
Margaret Court	Q202342	1942	Q6581072
Martina Navratilova	Q54545	1956	Q6581072
Steffi Graf	Q11662	1969	Q6581072
Roger Federer	Q1426	1981	Q6581097
Serena Williams	Q11459	1981	Q6581072
Rafael Nadal	Q10132	1986	Q6581097
Novak Djokovic	Q5812	1987	Q6581097
Aleksandr Karelin	Q187247	1967	Q6581097
Jim Thorpe	Q221482		Q6581097
Babe Didrikson Zaharias	Q231983	1911	Q6581072
Jim Brown	Q927916	1936	Q6581097
Tom Brady	Q313381	1977	Q6581097
Alfredo Di Stéfano	Q164546	1926	Q6581097
Lev Yashin	Q167828	1929	Q6581097
Pelé	Q12897	1940	Q6581097
Franz Beckenbauer	Q4457	1945	Q6581097
Johan Cruyff	Q17163	1947	Q6581097
Diego Maradona	Q17515	1960	Q6581097
Mia Hamm	Q222086	1972	Q6581072
Zinedine Zidane	Q1835	1972	Q6581097
Ronaldo (Brazilian footballer)	Q529207	1976	Q6581097
Cristiano Ronaldo	Q11571	1985	Q6581097
Marta (footballer)	Q228616	1986	Q6581072
Lionel Messi	Q615	1987	Q6581097
Babe Ruth	Q213812	1895	Q6581097
Jackie Robinson	Q221048	1919	Q6581097
Hank Aaron	Q215777	1934	Q6581097
James Naismith	Q188962	1861	Q6581097
Wilt Chamberlain	Q182455	1936	Q6581097
Kareem Abdul-Jabbar	Q179051	1947	Q6581097
Michael Jordan	Q41421	1963	Q6581097
LeBron James	Q36159	1984	Q6581097
W. G. Grace	Q616068	1848	Q6581097
Don Bradman	Q313591	1908	Q6581097
Garfield Sobers	Q981485	1936	Q6581097
Viv Richards	Q738016	1952	Q6581097
Sachin Tendulkar	Q9488	1973	Q6581097
Dhyan Chand	Q381138	1905	Q6581097
Luciana Aymar	Q271360	1977	Q6581072
Gordie Howe	Q358519	1928	Q6581097
Wayne Gretzky	Q209518	1961	Q6581097
Steve Redgrave	Q52679	1962	Q6581097
Jonah Lomu	Q363717	1975	Q6581097
